2815,Wolfner,1
1297,Kovách,13
1848,Pelczer,1
2109,Récsei,1
174,Bernáth,56
2292,Stettler,0
2646,Vajda,169
2630,Unterberg,0
yb19121569,Bunzlau,0
677,Funk,4
1789,Oppenheim,2
1877,Pikler,1
799,Gutfreund,5
1954,Purjesz,1
2087,Roóz,0
2537,Tauszk,0
285,Bródy,8
alm19071160,Gansl,2
1721,Münz,2
1992,Pózner,0
984,Honig,10
2468,Szécsi,25
857,Hajnal,82
1435,Lampl,2
2240,Simonovits,4
yb19121527,Goldfeld,0
2750,Wahrmann,0
765,Goldner,4
171,Bergsmann,5
324,Bárdi,14
2830,Zahler,1
717,Garai,40
yb1912957,Hirschel,0
2790,Wilheim,8
2267,Soó,0
2827,Zacharovits,0
yb1912958,Czukermann,0
442,Czitrom,9
926,Herczeg,209
yb19092435,Grauer,2
674,Fráter,1
yb19092288,Bojnitzer,0
51,Arányi,23
905,Havas,18
804,Gyenes,85
yb1909868,Tuchler,0
2186,Schober,11
2409,Szidon,8
yb19091103,Bergler,1
2218,Seemann,6
yb19091378,Glöckner,4
2020,Raáb,30
yb19097,Faszler,0
693,Förstner,5
alm1904172,Hönigsfeld,0
alm1907632,Lobstein,0
280,Brust,1
yb19092628,Weingarten,6
927,Herczel,0
1290,Korányi,4
yb19121630,Smilovitz,0
2140,Salgó,5
1717,Mühlrad,1
yb19122447,Szanditz,0
266,Braunstein,1
yb1912668,Kleinberger,3
625,Fenyves,15
yb1912470,Kurzmann,1
2258,Sohr,5
yb1912566,Schöpkesz,0
281,Bruszt,2
916,Heisler,11
yb19121986,Blitz,5
yb19091049,Hilf,0
286,Brück,23
yb19121999,Schulmann,1
yb1909180,Füchsl,0
yb19092190,Farbenblum,0
2778,Wenger,1
2070,Ross,1
1561,Major,202
839,Gúth,13
728,Gaál,167
alm19041112,Preszburger,1
yb19121286,Kirnig,0
2501,Sámson,8
574,Engelhardt,92
270,Brett,7
1494,Lissauer,3
yb19091244,Gelb,8
yb19122032,Rosenspitz,0
1610,Max,6
yb1909957,Trebitscher,0
yb1909413,Mailender,0
1187,Keresztes,91
yb1912481,Bászsz,0
2037,Reitzer,4
945,Heuman,0
yb1909257,Rozenberg,12
104,Barna,221
2706,Viola,5
2800,Wippler,0
yb1909966,Grossz,0
2041,Renn,0
2844,Ziffer,1
623,Felter,3
yb19123180,Mantág,0
1759,Noé,4
1,Abelsberg,1
1890,Piszker,7
alm1907877,Hausbrunner,2
1411,Kürschner,0
1543,Löwinger,25
yb19091252,Lövinger,20
yb1909766,Kesztenbaum,1
alm1904922,Rosenstein,1
yb1912698,Grossmann,9
yb19092025,Kohn,255
yb19121621,Eckstein,23
yb19092458,Löwy,38
127,Baumgarten,7
1473,Lichtmann,5
yb19091217,Grünfeld,30
668,Friedmann,76
yb19121441,Reismann,1
1363,Kácz,8
yb19121971,Goldstein,63
2291,Stern,119
yb1909955,Diamant,22
yb1912811,Feuerstein,4
yb19121005,Spitz,20
yb19121515,Rosenzweig,11
yb19092290,Policzer,1
yb1909124,Schlesinger,59
yb19091880,Guttmann,39
alm1907517,Sonnenfeld,8
yb1909205,Herzfeld,2
yb1909662,Singer,56
yb19091229,Spitzer,97
alm1907843,Fried,32
773,Gottlieb,17
2068,Rosenfeld,79
alm19071134,Feuer,13
272,Breuer,39
478,Deutsch,191
1570,Mandel,22
alm1904283,Hartenstein,1
yb19091102,Weiszfeld,0
yb19091197,Grünhut,24
1544,Lőbl,11
yb19121669,Waldner,2
yb19123238,Buchwald,4
764,Goldberger,41
yb1909313,Fischbein,5
yb19091200,Weinberger,49
572,Engel,48
2902,Éliás,31
alm19041056,Hajduska,0
2139,Salamon,67
2810,Wohl,8
yb1912391,Kron,3
yb19121323,Grün,23
yb19091842,Katz,43
yb190918,Schönfeld,47
yb19091465,Goldmann,22
yb1909968,Neufeld,8
2775,Weisz,488
790,Groszmann,21
2198,Schwartz,54
170,Berger,129
2286,Stein,34
2771,Weiner,20
yb19122801,Ungár,26
yb1912326,Oesterreicher,0
1458,Lederer,23
alm1907953,Langfelder,3
2067,Rosenberger,19
yb19121449,Lövenstein,2
yb19121076,Moskovitz,3
yb19092524,Schwarcz,144
1734,Neuhauser,46
2199,Schwarz,77
1223,Klein,413
yb1909506,Hirschl,5
alm1907258,Fleischmann,16
alm1907543,Tausz,4
795,Grünwald,27
alm19041088,Hamburger,10
794,Grósz,138
789,Grosz,138
yb19123265,Steinberger,6
2204,Schön,17
2184,Schneller,14
287,Brüll,17
yb19122337,Pollák,86
958,Hirschler,5
2028,Reiner,40
2293,Stettner,10
1971,Pápa,2
957,Hirsch,35
yb1909118,Veisz,123
yb19121964,Reich,62
yb1912312,Lichtenstein,19
1162,Kaufmann,35
644,Fleischer,20
265,Braun,184
660,Frankl,18
yb19091276,Steiner,193
2158,Scheiber,12
207,Blum,47
1540,Löv,2
2205,Schönberger,7
2075,Roth,146
2127,Róth,146
yb1909965,Gross,14
1546,Lőwenstein,2
1541,Löwenstein,2
yb19121733,Herz,11
alm1907562,Reiser,4
alm1904458,Hecht,18
1735,Neumann,79
514,Drechsler,9
yb19121995,Flesch,10
yb1912357,Salzer,4
yb19091956,Schvarcz,158
yb19121311,Krausz,199
972,Hofmann,7
yb19092282,Horovitz,8
1310,Kreizler,1
2282,Stark,58
yb19091228,Grüner,8
yb19091927,Zinger,1
735,Geiger,86
1731,Neu,6
yb19121609,Herczfeld,5
1181,Kelner,52
2188,Schreiber,33
1020,Hándler,7
876,Handler,7
yb1909880,Grünvald,27
1105,Jákobi,4
842,Haas,28
2704,Vimmer,5
alm190778,Fleisch,0
yb1909377,Grünn,1
277,Brucker,7
898,Haslinger,7
yb19091728,Bruckner,26
yb1912809,Gutman,13
yb19091195,Zwicker,0
555,Ehrlich,18
yb1912542,Hoffner,6
2076,Rotter,22
512,Drach,3
946,Heumann,0
968,Hoffer,31
2797,Winkler,49
656,Fraenkel,0
897,Hasenfeld,0
676,Fuchs,94
641,Fischer,198
1933,Preisz,38
2031,Reisz,75
1005,Hubert,17
2151,Schaffer,51
2201,Scháffer,51
yb1909474,Horovicz,1
575,Engler,25
616,Fehér,595
256,Boschán,0
1101,Junger,4
153,Benedek,70
2786,Wiesner,5
alm190749,Engelmann,9
yb19091179,Beck,68
2883,Ábrahám,220
657,Frank,99
1732,Neubauer,12
1179,Kellner,69
yb1909691,Kurcz,10
yb19123348,Strumpf,0
830,Gártner,35
299,Burger,32
2793,Wimmer,44
yb19091931,Schnitzer,6
350,Böhm,48
355,Bőhm,48
2172,Schindler,25
895,Hartmann,29
2798,Winter,16
1871,Pfeiffer,24
967,Hofbauer,27
yb19122226,Held,3
1797,Ország,23
yb19091929,Hauser,26
1738,Ney,1
2244,Sindler,5
2768,Wein,3
871,Hamar,37
yb1912706,Wachtel,1
793,Gróf,48
785,Grimm,8
2788,Wild,9
2364,Szegő,18
2180,Schmidl,0
yb19123063,Szommer,17
yb1909954,Zwirn,2
618,Fejes,103
yb19121837,Csora,2
alm1904723,Milhoffer,0
1882,Pinsker,0
yb1909121,Schlegel,8
2812,Wolf,67
yb19122622,Kirschner,14
1197,Keszler,25
yb19122856,Röszler,3
yb19121614,Bak,112
969,Hoffmann,110
1038,Hőnig,10
930,Hermann,50
alm190795,Winterstein,1
931,Hermán,48
1656,Miller,7
1436,Langer,20
125,Bauer,223
1131,Kaiser,38
yb1909134,Neuberger,3
1530,Lázár,110
1221,Klausz,28
yb19121939,Sommer,12
1560,Majer,60
1581,Markovits,50
1792,Orbán,220
791,Gruber,59
2809,Wittmann,44
2783,Werner,16
1719,Müller,296
1525,Láng,123
792,Gráf,34
777,Graf,34
53,Auer,87
1472,Liber,2
2841,Ziegler,29
119,Basch,0
alm1904739,Knecht,2
2059,Rokonstein,2
1261,Kolpaszky,2
1872,Philipp,4
1932,Preisich,1
2769,Weinber,0
1849,Peller,5
2193,Schubert,17
2629,Unger,57
2487,Szüsz,5
1956,Putz,13
1399,König,52
2044,Richter,68
1068,Jakab,147
2236,Simon,710
2766,Weidinger,7
1612,Mayer,196
41,Anton,2
2209,Schütz,21
1539,Lörincz,104
2502,Sándor,280
yb19092058,Stefka,0
2195,Schuler,2
313,Bálint,261
1545,Lőrincz,104
716,Gang,3
yb19091795,Ehrenteil,0
yb19121278,Brenner,32
2156,Schauer,13
872,Hammer,38
84,Balog,712
1256,Kolmann,1
611,Farkas,1243
756,Glasz,15
1244,Koch,62
131,Becker,17
2761,Weber,84
2822,Wéber,84
1701,Márkus,164
2019,Rausz,0
2318,Stuhl,3
yb19092429,Kuncsik,1
671,Fritsch,1
1683,Moór,11
2034,Reiter,17
yb19092088,Ruff,15
yb19122713,Fink,17
126,Baumann,22
2167,Schiller,43
2431,Szlovák,25
1339,Kugler,25
620,Fekete,680
2847,Zimmermann,41
alm1904254,Kranz,3
1178,Keller,85
664,Frey,48
yb19091985,Schneider,185
yb19092559,Feichtmann,0
892,Hart,11
1107,Jámbor,87
1205,Kirchner,29
1447,Lauer,4
666,Fridrich,25
yb1909256,Szinger,30
1636,Metzger,31
alm1907586,Hechtl,6
yb19092075,Haskó,2
2677,Vavró,0
1326,Kránitz,2
yb19122883,Máder,11
yb1912495,Baumgartner,48
1308,Kranitz,2
669,Friedrich,21
1104,Jáger,64
1254,Kollmann,9
1517,Luka,9
alm1904606,Mráz,22
yb19092338,Tkács,1
2029,Reinhardt,3
1277,Kopp,11
yb19123127,Zsidó,8
yb19092176,Kocza,0
alm1904783,Lákner,34
yb1912607,Pfeffer,4
1430,Lakner,34
2021,Redl,13
2111,Rédl,13
1862,Petrás,32
2886,Ádám,119
2611,Török,404
yb19121018,Ludvig,11
2277,Stadler,36
2196,Schuller,6
yb19092274,Stefanovics,12
1591,Martin,18
2846,Zimmer,7
1330,Krémer,24
2147,Sax,1
1385,Kíss,1072
2024,Reichel,6
1213,Kiss,1072
1671,Molnár,1749
1670,Moldován,58
yb19122688,Tischler,9
1257,Kolompár,97
1752,Novak,238
1757,Novák,238
2749,Wagner,112
2181,Schmidt,313
1298,Kovács,3795
1004,Huber,75
1756,Novotny,17
338,Bém,0
1572,Manger,7
alm1907659,Amtmann,1
2857,Zsemlye,3
2022,Rehák,26
392,Csicsai,3
178,Berényi,131
yb19121197,Kilmayer,0
2459,Szvoboda,63
847,Haffner,42
yb19122432,Lesák,0
2597,Tupicza,0
yb19092250,Bánfus,0
32,Andor,61
1948,Prückler,0
328,Bárán,13
862,Halbauer,1
767,Gombkötő,67
1081,Jankovits,8
yb19092030,Filinescu,0
yb19123114,Finkmann,0
216,Boda,142
1606,Matusek,2
yb19091990,Herunter,0
yb19092568,Czopf,1
yb19123300,Czifrik,0
2748,Waginger,0
1702,Márton,294
761,Goda,13
1841,Payer,8
1226,Klement,22
112,Bartsch,1
726,Gayer,0
11,Agocs,47
234,Bolla,71
1705,Máthé,9
2137,Safranek,2
1392,Köberling,5
yb19091404,Ritterbacher,0
alm190436,Szallenback,0
1375,Kárg,2
307,Bába,10
yb19092121,Vlcsek,0
933,Herold,5
alm19071091,Ressel,0
yb19092264,Knöbl,0
823,Gábriel,15
65,Baintner,2
1429,Lakits,4
1343,Kuli,7
524,Dudás,130
473,Demkó,6
alm1904446,Führinger,4
2474,Széll,9
yb19092238,Sztakó,8
403,Csiszár,67
1538,Lökös,16
yb19091958,Krizsánovics,0
1840,Pavalacs,0
1048,Imhof,0
yb19121579,Sztiszkala,0
16,Albrecht,12
1613,Maár,9
yb19121328,Schöbinder,0
833,Göbel,3
yb19092493,Ginzer,3
88,Balás,12
204,Blaskó,54
903,Hauschild,0
2399,Szentpéteri,55
2412,Szigriszt,0
alm1904130,Spanraff,0
1270,Komáromi,54
2117,Réthy,5
820,Győri,81
yb19092311,Radvojevics,0
1926,Pozna,5
2473,Széles,63
yb19122794,Kupsza,0
807,Gyulai,110
yb19092268,Hoyer,7
1340,Kuhar,3
999,Houska,0
2462,Szánthó,11
736,Gelencsér,30
2290,Stepánek,2
1950,Pukkel,0
yb19121987,Joksmann,0
yb19092404,Zaletynik,0
yb1912736,Kratochvila,2
yb19092183,Salling,0
610,Farbinger,0
321,Bánó,31
140,Bekö,8
1528,László,236
1377,Kármán,23
2752,Walter,38
2683,Veres,253
yb19092415,Audics,0
881,Hanzély,4
2046,Rill,5
alm1904668,Krenácz,0
826,Gájer,9
yb1912660,Ehmann,8
2006,Raisz,7
1247,Koffler,2
2407,Szervisz,0
1125,Kacskovics,3
yb19122818,Huffgart,0
2767,Weiland,5
410,Csontos,174
yb19122345,Tkátsik,0
1160,Kattausch,0
yb1909174,Kmetykó,7
2896,Éberling,7
1040,Igali,4
2023,Reichardt,22
2344,Szaiff,0
1834,Pauer,29
1990,Pólyák,108
2235,Simkó,9
904,Hauszner,0
111,Bartos,61
2693,Viczko,4
yb19092247,Belgram,0
1836,Paulikovics,0
752,Geschader,0
944,Heuffel,0
31,Anderkó,6
1106,Jákubecz,6
2123,Ríeger,11
952,Hiesz,4
953,Hilbert,4
2173,Schleitz,0
695,Fülepp,0
956,Hinterschek,0
yb1909919,Gluszkievitz,0
759,Glósz,7
yb1912925,Dzurányi,0
yb19122868,Francz,38
1358,Kutsera,11
2754,Waltz,2
681,Fábián,439
yb1912659,Schweig,0
2860,Zsinkó,1
1838,Paulovits,9
1602,Mathievits,0
yb19091511,Buna,0
yb19091962,Hackstock,1
1380,Kégl,1
1353,Kurucz,103
2543,Tenk,9
1242,Kobor,21
13,Agócs,47
1258,Kolonics,9
114,Bartók,31
409,Csonka,87
2429,Szlavnits,0
1386,Kóbor,21
588,Erhardt,7
yb19091036,Polzberger,0
1795,Orosz,117
alm1907956,Mutzbauer,0
yb19092301,Drázsnyák,0
yb19121872,Kleinlein,0
552,Egri,84
879,Hanuszek,0
755,Girch,0
yb19121670,Lovovits,0
240,Bordás,72
222,Bodó,132
alm1907870,Kadenczki,0
yb19121539,Gecsó,0
alm1907857,Dleszk,0
2333,Swoboda,1
995,Horváth,2406
yb1912480,Dvorzsák,14
2100,Rácz,747
101,Bari,34
998,Hosszú,44
yb19092327,Kukucska,6
1349,Kunszt,9
2382,Szende,8
1743,Niesz,0
alm1907573,Vince,8
yb1909491,Gradwahl,0
2559,Till,41
853,Haintz,0
619,Fejér,29
1886,Pirger,1
885,Haris,10
85,Balogh,648
252,Borsós,140
1920,Poppel,0
yb19123277,Negru,0
1336,Kuchinka,0
alm1907470,Kricsa,0
1033,Hübner,12
yb19123274,Csicsó,5
2452,Sztraka,10
1087,Jaros,3
2285,Steger,7
1329,Krázl,0
yb1909530,Pukli,1
2505,Sári,152
yb19091306,Demetrovics,6
yb19092553,Konecsny,2
2015,Ramhab,0
396,Csik,85
1586,Marosi,11
2464,Száraz,25
1151,Karner,17
1899,Plichta,2
1325,Králl,3
1176,Keleti,3
2389,Szente,33
alm19071028,Rusznák,9
yb19092310,Habakusz,0
52,Asztalos,92
315,Bán,64
2266,Sorbán,0
2535,Tatár,31
628,Ferencz,41
158,Benkó,104
yb19121285,Baksis,0
yb19121834,Benesovszky,0
yb19122367,Lojka,0
2130,Rózsa,227
581,Erdélyi,157
547,Eberling,7
2426,Szivós,61
2716,Vizi,44
alm190418,Hrabkovszky,0
1912,Pokorny,8
yb1909960,Schestauber,0
159,Benkő,104
2170,Schimkó,1
1643,Mihály,107
784,Grill,3
747,Gergye,1
2297,Stipanics,0
1879,Piller,22
102,Barina,1
1428,Lakatos,327
yb19121163,Schusbek,0
yb19122453,Mikolai,2
alm1904139,Kolczun,0
1207,Kirner,6
2877,Prihoda,3
yb19091242,Verner,8
1900,Plininger,1
yb19121313,Pospischil,0
yb19121923,Rambach,0
yb19122466,Kantsura,0
2274,Spánitz,0
2551,Theodorovits,0
yb19121452,Kropf,11
2288,Stephani,0
2174,Schlosser,13
1907,Pohl,12
1846,Peinits,0
1455,Lebanovits,0
yb19121649,Vaszil,1
1080,Jankovich,5
2314,Strósz,0
yb19092550,Heine,1
yb19092261,Vimalovszki,0
290,Bucsi,76
854,Hajda,7
2179,Schmid,53
yb19123313,Mikó,86
2417,Szily,1
875,Hamza,21
1765,Nyitrai,70
56,Axmann,2
yb19121785,Karmazsin,8
1788,Opitz,7
1831,Pascu,0
yb19121897,Kruze,0
2463,Szántó,163
1646,Mihályik,3
yb19121926,Gödölle,0
2530,Tar,117
2512,Sóos,230
1120,Józsa,137
1204,Kirchknopf,3
alm1904921,Tverdi,0
1707,Máté,197
yb19121135,Kirnlg,0
1456,Lebánovits,0
105,Barsi,6
yb19122461,Ruzsa,23
alm1907186,Proschinger,0
2511,Sípos,440
yb19122542,Szkruczany,0
yb19122924,Palásti,16
1598,Maschek,5
525,Duka,7
yb1912130,Kandler,1
244,Boros,203
1592,Martinkovics,9
1292,Korény,16
yb19122905,Stampf,18
yb19092109,Himpchmann,0
2262,Somodi,98
2718,Vojtek,6
497,Dobrovits,4
yb19092405,Klefaber,0
1452,Layer,1
2869,Záborszky,8
1289,Kortsák,0
2401,Szepessy,5
262,Boér,1
1092,Jelenek,1
1892,Pitlik,2
72,Bakay,3
yb19121822,Mihlrad,0
2885,Ács,209
147,Bencze,46
yb19122443,Flori,1
yb19092430,Habinstroh,0
yb19123268,Tringer,3
655,Forstner,5
yb1912472,Frasz,2
yb19121052,Prandtner,0
yb19123320,Stöckl,0
1355,Kustár,2
2503,Sánta,185
yb19123353,Nezezon,0
1850,Perger,17
yb1909585,Martinelli,0
yb19091923,Csernyánszky,3
1098,Joó,67
1356,Kusztos,0
yb19122986,Pikuj,0
yb1912538,Gasparik,5
1135,Kalmár,262
200,Blahó,17
1279,Koren,4
alm19041113,Wienhoffer,0
alm1904267,Leichtberg,0
300,Burián,18
yb19123118,Gajdos,24
444,Czvitkovics,6
yb19092410,Kohut,31
1276,Kopeczky,2
2485,Szücs,1030
2439,Szokolik,3
yb19122504,Zleszich,0
1669,Mojsisovics,0
yb190992,Reissberger,0
1785,Oláh,846
498,Dobrovolszky,1
819,Győrfi,83
yb19122926,Huminik,0
2295,Stifter,1
483,Dienes,69
196,Bitter,1
2666,Vas,376
yb19123364,Kriger,0
239,Borbély,253
1084,Janovics,13
1408,Körösi,55
2863,Zsoldos,55
1740,Niederkirchner,36
alm19071174,Wurfer,0
2465,Szász,174
2656,Vancsura,2
2581,Tordy,0
2254,Skultéti,72
yb19092195,Szuszki,2
565,Emmerling,3
yb19092611,Csiba,2
yb19092296,Zuzanszki,0
441,Czimmermann,15
1583,Markó,88
1210,Kis,1567
yb1912314,Ebner,9
2881,pán,0
797,Gugán,1
1161,Katzer,8
1775,Némethy,7
2287,Steindl,2
yb19092562,Vacha,0
1055,István,17
1595,Marton,294
2785,Wesztermayer,1
2319,Sturza,0
2828,Zachár,19
1513,Ludwig,9
2649,Vakarcs,9
1505,Lovas,41
1352,Kurtz,11
1345,Kulik,11
alm1907199,Losteiner,0
1331,Krémmer,3
1064,Jablonszky,1
2025,Reichl,0
1272,Konecsni,5
yb1912147,Hubacsek,1
yb19092286,Kovácsics,9
alm1907637,Poppovits,0
yb19091267,Weigand,0
1312,Krepelka,0
2606,Tóth,3770
2367,Szeitz,7
2499,Sági,97
962,Hochbaum,21
2640,Vadas,30
1500,Lobmayer,0
2190,Schrott,13
yb19121339,Gavalja,0
1860,Petrovits,5
517,Dressler,1
1128,Kacziány,0
2774,Weisinger,3
284,Bráth,2
177,Beránek,6
1961,Pál,182
753,Gescháder,0
yb1909487,Spindler,6
alm19071098,Hrenszik,0
584,Erdős,230
yb19091804,Kolega,0
yb19121279,Goldburg,1
1474,Licskó,4
1065,Jaczó,0
450,Dancs,30
2101,Rákosi,8
2758,Watzek,0
yb19123361,Speier,0
1724,Narancsik,1
yb1909777,Bartl,19
yb19092242,Kesztner,0
2743,Vékony,43
1739,Nicora,0
yb19122358,Opic,0
yb19123346,Lakinger,2
711,Galambos,83
217,Bodnár,128
alm1904490,Saltzer,0
yb19092408,Schulteisz,4
2283,Stefanovits,7
yb19123094,Mura,0
76,Bakos,295
yb19123082,Ilia,1
994,Horvát,133
1255,Kollár,205
yb19092332,Heider,4
2871,Zák,4
445,Czvitkovits,1
yb1909577,Hrigyecz,0
2697,Viertl,2
1642,Mihálovits,5
2549,Thain,0
1173,Keil,1
yb19092601,Szmrekár,0
342,Bérényi,131
1589,Marschner,0
yb19121868,Viczing,1
2310,Strobel,3
1159,Katona,382
1391,Kóta,31
1461,Leipold,2
1311,Kren,19
2490,Szőllősi,271
1641,Mihalik,46
yb1909405,Rohaska,0
1659,Minárik,10
1296,Kovaltsik,0
2004,Radó,21
923,Hembach,0
67,Bajczár,1
yb19091546,Pacurar,0
831,Gáspár,170
613,Fazekas,332
1453,Laza,3
1045,Illés,179
487,Dittrich,3
2036,Reitter,3
151,Bene,86
701,Füstös,41
602,Fa,7
yb1909250,Mihalovics,31
1071,Jakubecz,6
980,Holub,11
yb19123233,Csicsay,3
2071,Rosskopf,0
yb1909906,Policsek,0
yb19123166,Stefán,36
2564,Titzer,0
yb1909901,Wirnhart,0
1989,Pólya,5
2705,Vincze,363
yb1909976,Czeripp,0
18,Alexa,2
yb19121545,Nadeniczek,0
1079,Janicsek,9
758,Glosz,7
yb19091206,Birtalan,0
115,Barát,57
2001,Radics,115
457,Darabos,47
645,Fliegl,0
1780,Odor,49
1146,Kardos,93
2202,Schöberl,1
2352,Szalay,83
2525,Tamási,39
yb19092024,Zörnör,0
1668,Mohó,0
146,Bencsik,100
2155,Schaschek,0
780,Greisinger,0
1269,Komzsik,0
yb19123266,Szproszty,0
344,Bíró,494
193,Bischoff,1
559,Elischer,7
2839,Zeleny,0
1942,Prohászka,18
62,Bagi,120
292,Budai,158
yb19091697,Curticapean,0
192,Bischof,3
yb19123182,Kovácsevits,0
yb19122469,Nemecz,4
515,Drencsik,0
1348,Kuna,3
yb19092401,Strobak,1
1883,Pintér,410
141,Bekő,8
638,Fiala,14
yb19092400,Wechermann,0
yb19121298,Bozsó,142
2715,Vizer,20
1100,Juhász,922
yb19121850,Hrabe,1
1748,Nizsnánszky,0
312,Báli,44
1466,Lengyel,304
1935,Pribil,4
yb19091684,Wenczel,5
405,Csizmadia,155
208,Blázsek,11
2081,Rozsa,227
377,Csefkó,0
2092,Ruppert,9
911,Hegedűs,348
757,Glatz,27
167,Beretics,0
yb19121554,Potaczek,0
2115,Répa,8
2086,Roósz,3
yb19121038,Schenkengei,0
2708,Virnhart,0
2471,Székely,153
alm1904186,Barschrott,0
2381,Szemler,3
1138,Kapcza,0
110,Bartek,4
yb19092377,Gubcsó Bugán,0
yb1912683,Planyitska,0
2312,Stréer,1
1556,Magdics,9
2811,Wojtek,0
1599,Masek,3
2176,Schmelhegger,0
2166,Schill,4
yb19122921,Figula,0
827,Gál,462
1874,Pichler,18
1817,Pandics,0
2064,Romsits,2
yb19091975,Schuszter,27
2562,Tiringer,7
1685,Muk,1
alm1904846,Besenbeck,0
1809,Paczona,1
2185,Schnierer,6
986,Hornok,4
yb19091011,Sonnleitner,0
1245,Kocsis,383
yb19091983,Ledermayer,0
1870,Pető,145
1762,Nyiri,178
1251,Kokesch,1
1008,Hugyecz,73
yb19122566,Tkatsik,0
1865,Petró,21
1987,Póhl,12
38,Angyal,78
1309,Krazl,0
970,Hofhauser,2
alm19071142,Pablasek,0
424,Csóry,0
1861,Petruska,13
1300,Kováts,146
2321,Stéger,7
2228,Sidó,12
988,Hornyák,48
1262,Kolár,2
212,Boba,0
2480,Szívós,61
1969,Pálovics,0
2051,Riskó,5
481,Deák,549
1767,Nyéki,18
191,Biró,494
yb1912730,Krajtsj,0
1227,Klemm,10
2588,Trautmann,3
yb1909341,Schumandl,0
2278,Stahl,27
2891,Ángyán,9
alm19071046,Fromhold,0
2280,Stankovics,8
1715,Mózer,25
697,Füredi,39
1985,Péter,196
yb19092165,Gyüre,4
2284,Stefánovits,7
1562,Majoros,92
249,Borsos,140
2253,Skriván,0
yb19122500,Mertinger,0
2377,Szemes,22
229,Bolcsik,0
yb19092152,Bredák,2
yb19121770,Luperszbek,0
788,Grosser,4
1859,Petrovics,110
1535,Lénárt,81
490,Diószegi,43
722,Gasparics,3
605,Faller,7
1919,Popelka,10
yb19121312,Krkos,4
1233,Klimkó,0
1839,Pauly,0
2872,Zámbó,48
2055,Ritschl,0
yb1909635,Spitzka,1
yb19091537,Schiessler,0
1476,Liftner,0
2328,Sulyok,40
alm190780,Roos,0
2339,Szabó,4430
2146,Sauersitz,0
2521,Takács,950
2348,Szakács,125
yb19123221,Posthammel,0
2393,Szentgyörgyi,36
2361,Szedlacsek,15
1993,Pöcze,6
yb19122944,Sterczel,0
2197,Schusbeck,0
183,Biegelbauer,0
2371,Szeles,63
1076,Janda,0
1853,Peskó,0
1557,Magyar,458
1240,Kobelrausch,0
116,Baráth,126
1773,Német,360
948,Hevesi,14
822,Gábor,104
1827,Papp,649
alm1904334,Rozsaági,0
154,Benes,4
438,Cziegler,6
2358,Szaniszló,9
1826,Pap,838
yb19122863,Tröger,0
2576,Toperczer,0
2427,Szkalka,1
1814,Pallér,2
yb19123200,Dius,0
yb1909411,Szenftner,0
2795,Windisch,14
729,Gebhardt,3
866,Halm,0
2161,Scherbaum,4
1143,Karaszek,3
2451,Sztarill,1
156,Benke,93
yb19092011,Schwach,0
2550,Theil,1
alm1904103,Kulfasz,0
2840,Zemán,2
2313,Stróbl,17
1006,Huck,1
954,Hiller,9
alm1907324,Zeleni,1
2478,Szíjjártó,33
1364,Kádas,21
alm1907787,Strudl,2
6,Adametz,0
1774,Németh,1075
alm1907612,Podolják,0
2492,Szőnyi,14
870,Halász,218
2434,Szmrekovszky,2
1450,Lavotha,0
2281,Stankovits,2
yb19092432,Hreska,0
alm1904580,Pooplavszky,0
121,Bata,20
599,Eördögh,6
206,Blazsek,11
2239,Simonics,1
2430,Szlobodnik,8
39,Angyán,9
1898,Plech,2
2807,Wittinger,6
2773,Weinzierl,0
yb19123232,Tometits,0
yb1909648,Bosnyakovics,5
1811,Pajor,21
89,Balázs,444
1664,Miskó,3
2351,Szalai,474
2560,Timár,115
267,Breitenbach,7
1502,Lohr,1
593,Erős,114
2210,Schőberl,1
yb1912334,Gubicza,19
301,Burján,26
2152,Schaffhauser,1
alm1904598,Spaczek,1
2207,Schöpflin,0
yb19092096,Dvornák,0
1489,Lipták,71
503,Dodek,2
2052,Risztics,1
yb19123336,Barbura,0
alm1904162,Hengel,1
yb19092223,Irczl,1
264,Brandt,35
1888,Pirovits,0
1446,Lauber,2
alm1904278,Handtel,0
1609,Maurer,24
1634,Messik,0
yb19121814,Weinczierl,0
1193,Kerék,37
yb19092512,Babanecz,1
82,Balla,230
1183,Kemény,93
yb19123354,Stanczel,2
yb19122679,Kirnbauer,3
2688,Veszély,5
985,Honyek,0
1078,Janics,1
yb19123174,Jaransch,0
1096,Jordán,2
yb1909459,Kralován,0
1085,Janovits,1
1301,Kozma,276
449,Dallos,14
1597,Masa,5
648,Fodor,386
1887,Piros,11
1790,Oravecz,60
673,Frágner,0
yb19092146,Kátus,4
yb19122442,Rosovits,0
yb19121888,Riszner,2
33,Andrejka,1
1593,Martinkó,1
134,Bede,51
1991,Pózna,5
yb19121985,Gutyina,11
2121,Révész,65
yb1912150,Bezzek,0
271,Brettschneider,0
1196,Keserű,44
78,Bakó,143
yb19123080,Hoppa,2
2694,Vida,285
2362,Szedlácskó,0
1967,Pálmán,1
yb19122010,Kuvanek,0
75,Bakonyi,38
161,Benyó,29
yb19092319,Blattmann,0
841,Gőbel,3
2187,Schramek,5
2077,Rottmayer,0
2477,Szíjgyártó,3
yb1912166,Dyatel,0
2874,Závodszky,3
1124,Kabdebó,0
237,Boné,19
2299,Stoffer,0
1751,Noszlopy,0
1575,Marczinka,1
855,Hajdu,384
1618,Medveczky,7
yb19121905,Vild,0
2045,Riegler,13
2870,Záhorszky,1
2263,Somogyi,440
2820,Wurmb,0
556,Eisenstock,1
1235,Klánik,0
2826,Zachariás,0
2245,Sipos,440
1896,Platskó,0
2858,Zsigmond,39
1424,Laczó,19
2308,Streér,1
2653,Valter,6
2419,Szilágyi,757
1521,Lung,11
308,Bácker,1
yb1912571,Anderlik,0
536,Déri,20
518,Dreszler,1
2311,Strobl,17
535,Dénes,64
2675,Vatai,4
yb19092560,Neamtin,0
1157,Kaszás,26
348,Bóka,21
alm1904442,Poqlavszky,0
5,Adamek,10
1374,Kántor,73
alm1907465,Ruthauer,0
1423,Laczkó,70
1880,Pillér,22
389,Cservenka,11
798,Gulyás,283
485,Dinda,0
1238,Knoll,10
1822,Pankuch,0
2589,Trenkó,0
198,Bittner,7
1347,Kun,314
882,Hanák,19
471,Demján,12
1936,Pribék,1
2016,Rasovszki,0
696,Fülöp,242
2054,Ritschel,0
yb19123251,Stir,1
1172,Kecskés,143
yb1912505,Paulus,0
451,Dancsa,42
1337,Kucsera,84
448,Czéh,5
295,Bugyi,57
2056,Rodek,0
60,Badics,12
yb1909983,Grebner,0
1434,Lampert,41
2168,Schilling,0
2595,Tujner,10
636,Fetter,7
429,Czakó,61
alm1907712,Bubonyák,0
2626,Ullmann,12
1825,Panyi,28
423,Csóka,31
1755,Novotni,6
yb1909669,Schimp,0
yb19092660,Szomleitner,0
654,Forster,7
878,Hanusz,4
406,Csizmazia,24
yb19122486,Mocskos,0
1832,Pataki,181
yb19121919,Aselnenbreuer,0
1253,Koller,103
40,Antal,251
1088,Jarosch,3
1425,Ladányi,148
1802,Osváth,19
2220,Seide,0
1778,Obermayer,15
378,Cseh,260
356,Bősinger,9
1327,Krátky,3
1209,Király,265
1744,Nieszner,0
yb19091319,Czibulya,29
844,Haberhauer,1
1067,Jagicza,2
yb19121574,Czihjó,0
470,Demeter,46
1623,Melegh,2
327,Bártl,19
1034,Hügel,0
480,Dezső,27
195,Biszterszki,1
651,Forberger,2
2660,Varga,2184
2898,Éder,19
1693,Muzsik,31
2714,Vita,1
1075,Jancsó,63
69,Bajusz,9
390,Csete,38
302,Burkus,11
2741,Vég,40
1588,Marschalko,1
yb19092619,Gasparík,5
2745,Vétek,1
439,Czigány,85
yb19122937,Loos,1
yb19092113,Dienszt,0
1457,Lechner,4
yb1912631,Martinek,8
yb1912483,Dolfi,0
1239,Knotz,1
276,Brosek,0
129,Bayer,27
yb19123352,Krizsán,95
2906,Évinger,2
yb19092546,Holovka,0
1908,Pok,5
1996,Pőcze,6
yb1909973,Siegmund,0
428,Czaha,0
640,Finta,128
2780,Weninger,17
yb19092485,Nyegró,23
yb19092045,Hanigovszky,0
yb19122912,Paczes,0
415,Csupor,22
446,Czárán,0
1658,Minich,8
2208,Schülheck,0
yb19121302,Vanyatka,0
775,Grabowski,0
2483,Szöllősi,271
2279,Stancz,2
856,Hajdú,384
2380,Szemián,0
yb19121893,Striskovics,0
1578,Marics,2
yb19092094,Sinkler,0
2162,Schermann,6
yb19092328,Julcher,0
744,Gergely,75
2825,Zachar,19
203,Blasinger,0
1518,Lukács,221
283,Brányik,2
1286,Kornya,13
99,Barcza,21
2634,Urbán,98
yb19121787,Czeikovits,0
1995,Púk,0
1323,Král,8
2061,Roller,5
679,Furka,29
yb19092355,Jakubik,4
2073,Rosta,26
2663,Varjú,48
545,Dürr,6
1324,Králik,90
1858,Petrik,76
1166,Kazimir,0
1617,Medve,43
461,Darvas,19
2668,Vass,153
2216,Sebők,56
yb19121976,Szili,50
91,Balázsy,2
2494,Szűcs,1030
160,Benyovits,1
2411,Szigeti,82
665,Frick,20
yb19092315,Kolesza,0
713,Gallovich,0
1291,Korén,4
alm1904132,Ponus,2
yb19091547,Caragutz,0
1999,Quancz,0
2895,Árva,78
1215,Kiszela,2
2897,Ébner,9
1622,Melega,1
1278,Korb,2
1723,Nagy,4837
1727,Navratil,6
1139,Kapeller,3
yb19092078,Burucs,47
491,Dlauchy,0
yb19092488,Englert,3
965,Hock,28
1712,Mészáros,960
3,Ackerl,0
1082,Jankó,35
yb19122511,Chrobák,1
2583,Torma,121
1148,Karg,2
1998,Quaiszer,0
2125,Rónai,17
534,Dániel,35
175,Berta,149
1873,Pichelmayer,0
964,Hochholczer,0
1366,Kákics,0
425,Csögör,25
1843,Peckl,1
2251,Siráky,0
528,Dull,2
714,Galló,9
2225,Seregi,0
210,Blöch,7
63,Bagossy,3
1624,Melha,1
812,Gyurmán,0
2699,Vihar,1
alm1904452,Schwalcz,0
339,Bényei,4
459,Daruba,0
1750,Noszlopi,11
2461,Szántay,0
1338,Kuczkay,0
2610,Törnek,0
320,Bányay,1
2916,ünger,57
2259,Solty,0
213,Bobor,0
2506,Sárközy,17
1770,Nádaskay,0
2405,Szerdahelyi,1
2107,Rátái,3
562,Emerich,0
yb1912350,Vara?ek,0
2441,Szombathelyi,19
2191,Schröder,5
421,Csébi,1
1648,Mikes,14
2369,Szekér,45
750,Gerrithon,0
2619,Udvary,2
1265,Komlósi,21
1229,Klenovits,0
694,Füle,13
560,Eller,0
2548,Terényi,27
1514,Ludwigh,0
2488,Szőgyi,4
248,Borsody,2
975,Holl,17
326,Bársony,20
532,Dusárdy,0
332,Bátori,18
2112,Régeni,1
404,Csite,3
1387,Kókai,33
1066,Jagasich,0
2305,Stomm,0
1491,Lipót,1
77,Baksay,0
1190,Kernács,3
1346,Kullmann,1
2141,Saly,5
2438,Szokolay,2
1555,Madzsar,0
2700,Villoi,0
2128,Rózant,5
2106,Rátz,6
1962,Pálffy,4
92,Baló,2
963,Hochhalt,0
2093,Rupánovits,0
1302,Koznia,0
150,Bendesy,0
2637,Ursics,0
1133,Kallaus,0
215,Bocz,6
yb19092220,Hamni,0
294,Budó,0
137,Behumi,0
2157,Scheder,0
2470,Szécsényi,34
yb19122495,Venninger,0
1152,Karsay,5
304,Buttler,0
653,Forrai,17
2300,Stoflitz,0
1222,Kleeberg,0
242,Boronkai,0
615,Fegyveres,5
2322,Stéli,0
2509,Sényi,0
2416,Szilvásy,3
2529,Tanos,2
2096,Ruzsovits,0
2345,Szajbely,0
1115,Jécsy,0
2136,Rőzsényi,0
686,Fóris,18
268,Breitkopf,2
2269,Spath,1
2306,Strecke,0
2424,Szirmay,2
54,Aulinger,0
1225,Klemens,1
1552,Maczeovits,0
1112,Jászai,6
17,Alemann,0
612,Farnady,0
2104,Rátai,3
2674,Vaszy,0
2063,Rominszki,0
yb19122917,Ityun Kurja,0
1230,Kliburszky,0
1263,Komjáti,13
474,Demény,9
2573,Tomor,15
2090,Rumbacli,0
1267,Komorovszky,0
2379,Szemethy,0
1113,Jászffy,0
2842,Zielbauer,0
836,Gömöry,4
1733,Neuberg,0
499,Dobry,0
233,Bolgár,3
2212,Sebeit,0
2042,Richnavszky,0
2378,Szemethi,0
1053,Ispán,7
2600,Turányi,2
2866,Zuna,0
1142,Karalyos,4
8,Adámi,3
1413,Kőhalmi,0
2370,Szelecsényi,3
1916,Pollermann,1
2223,Semsey,0
1344,Kulifay,1
2365,Szehrlaut,0
737,Gelléri,3
2446,Szováthy,0
906,Havass,0
890,Harrer,10
yb1909593,Slotterbek,0
770,Goreczky,0
2232,Siklós,1
331,Bátonyi,0
2169,Schimert,0
2323,Stühmer,0
667,Friebeisz,2
510,Donáth,8
1123,Kabarcz,0
393,Csicsery,0
20,Alkér,1
1559,Magyarevits,0
80,Balder,1
2241,Simoray,1
2391,Szentesi,21
867,Halmai,7
2124,Róna,10
1315,Kricsfalvi,0
2343,Szadovszky,0
2264,Somorjai,0
670,Frimel,0
2497,Sáfáry,0
366,Csabai,87
109,Bartalos,7
2823,Wénesz,0
2338,Szabiár,0
2256,Smodics,2
2336,Szabadi,15
2447,Szoyka,0
2224,Sepsi,0
2765,Weichhart,1
2753,Walthern,0
1718,Müllender,0
22,Almády,0
1787,Onhauser,0
413,Csornai,0
2,Abonyi,8
453,Dankos,0
2324,Subsilvány,0
2854,Zoltán,13
1264,Komlódy,0
2265,Sontagh,0
388,Csernovics,0
869,Halácsy,0
1627,Mellye,0
1615,Medgyessy,0
2585,Tornyos,2
2628,Undi,0
1445,Lau,0
227,Bogáthy,0
2192,Schrőder,5
557,Elbert,2
1047,Ilsemann,0
1058,Ivnoll,0
2250,Siráki,1
2072,Rost,3
959,Hittner,2
598,Ewinger,0
1742,Niessner,0
23,Almásy,11
2332,Svéda,2
1819,Pandurovics,0
2296,Stilfried,0
2504,Sántha,10
190,Birkus,1
yb1909170,Vurumpek,0
251,Borsosföldy,0
1061,Ivánka,7
1208,Kirtzan,0
2516,Sümeghy,1
yb19092126,Konstantin,2
829,Gárdos,2
2520,Tajthy,0
680,Futó,44
486,Dingha,0
426,Csöppüs,0
2531,Tarnóczy,3
1654,Mild,1
751,Gerritsen,0
2538,Teasdale,0
254,Bory,0
2734,Várady,14
2542,Tencz,0
1000,Hoós,0
2545,Teplitzky,1
591,Ernőd,0
2479,Színák,4
2553,Thirring,2
2554,Thomka,1
2556,Tibiassi,0
2234,Sillye,1
719,Garami,0
1169,Kaál,0
180,Beösze,0
2010,Raksányi,0
163,Berecz,41
607,Falvai,0
1379,Kárpáti,6
732,Gebők,0
2084,Rozsovits,0
2650,Valentini,0
28,Ambrózy,4
2577,Toporai,0
93,Barabás,77
258,Bossányi,5
2733,Váradi,195
704,Fűzy,5
2837,Zeibig,0
148,Bendes,11
2873,Zányi,1
259,Bosányi,0
273,Brezovsky,0
2027,Reinbotli,0
1322,Krupcsák,0
2261,Somló,5
1404,Körmendi,31
1632,Merkefka,0
14,Aigner,6
2738,Vázsonyi,0
2604,Téglás,57
1983,Pékli,7
2510,Sík,2
319,Bányai,69
1465,Lendér,4
74,Bakodi,0
1108,Járdek,0
1013,Hunyady,6
2616,Tőkési,10
2618,Udvardy,6
2414,Szilberleitner,0
1165,Kazacsay,0
522,Duday,0
19,Ali,2
825,Gácsy,1
231,Boleman,0
2631,Unyi,10
2632,Uray,1
1676,Morent,0
1463,Lendvai,47
634,Feszelyi,0
1984,Pénzes,29
1121,K,0
832,Gáspárdy,0
987,Hornyok,0
1097,Josvay,0
997,Horánszky,2
1482,Linhart,1
2481,Szóka,4
859,Hajnóczky,0
2770,Weinek,0
255,Borzsák,0
1766,Nyáry,6
1776,Nők,0
2722,Vragassy,0
2659,Vankovics,2
2662,Varjas,20
2664,Varró,8
2665,Varsányi,13
2315,Ströszner,0
2876,Zöldváry,0
155,Benesch,4
1628,Mellyes,0
1180,Kelndorfer,0
2255,Slunka,0
1939,Prikk,2
2066,Ronchi,0
2131,Rózsai,2
245,Borostyán,3
1847,Pek,30
1930,Prajmayer,0
202,Blaschnek,1
1902,Pláner,2
1951,Pulay,2
1851,Pertik,0
1621,Meixner,2
1749,Noel,0
2709,Virág,273
368,Csanády,1
188,Bilkay,0
1730,Nesztor,0
1114,Jászfy,0
2890,Állaga,1
2720,Vonyek,0
2723,Vrasich,0
2657,Vanger,0
760,Goczán,4
960,Hlatky,1
771,Goszleth,0
1922,Posgay,1
778,Grecsák,0
2730,Vámos,98
2731,Ványai,0
2732,Ványi,11
1927,Pozsgai,15
2513,Sördén,0
136,Behringer,17
2422,Szinte,0
2739,Vécsei,23
2317,Stuchlicli,0
2742,Végh,202
49,Argauer,1
2058,Rokken,0
2747,Wabrosch,0
768,Gonda,164
1188,Keresztury,0
2755,Wancsek,0
2460,Szájbély,0
2759,Watzke,0
1271,Komáromy,6
1704,Mártzig,0
274,Briestyánszky,0
2454,Szubotics,0
981,Homoky,0
2779,Wenhardt,1
36,Angelus,0
2781,Wenzl,5
2784,Wester,1
1383,Kési,0
2789,Wildner,0
1468,Lenkey,2
29,Amigo,2
454,Dankovszky,2
873,Hamvassy,0
2448,Sztahora,0
537,Dévai,5
2014,Ramaszéder,1
1725,Narantsik,0
1674,Morelli,1
609,Faragó,319
2702,Világhy,0
2523,Tallum,1
2425,Szivitál,0
2816,Wolfram,0
50,Armstádt,0
893,Hartai,0
1526,Lángos,2
282,Brányi,1
1688,Muskovics,0
2578,Toporczi,0
2154,Schara,0
2831,Zaitz,2
1657,Milus,0
1177,Kellel*,0
769,Gorecky,0
2148,Saáry,10
821,Győrök,3
2388,Szenkovits,0
alm1904149,Kamenszár,0
435,Czenner,1
2850,Zlinszky,0
2851,Zmeskall,0
1303,Kozáky,1
199,Blaha,8
399,Csiliéri,0
2862,Zsizsó,0
2864,Zsolnai,31
2436,Szokol,6
375,Csatáry,0
230,Boldog,20
978,Hollós,6
2727,Vági,21
2875,Závonyi,0
990,Horpáczky,0
1913,Polereczky,0
2868,Zuzánszky,1
2892,Ányos,1
2901,Éless,0
2808,Wittkovszky,0
2904,Érczhegyi,0
2909,Ózdi,0
374,Csatay,0
786,Grolig,1
731,Gebök,0
2913,Újhelyi,19
1042,Ihász,29
2915,Úrik,0
1056,Iszer,1
2917,Őrsy,1
1440,Laskovics,2
1803,Oszlik,3
539,Dómján,60
2524,Tamasek,1
298,Burg,1
614,Fecske,7
1283,Kormoss,0
306,Buzáth,1
418,Csányi,55
2455,Szuhaj,8
316,Bánfai,0
2466,Száva,7
2320,Stáhly,0
325,Bárdos,38
2316,Stuchlich,0
329,Bárány,80
1382,Kéri,151
236,Bolváry,5
334,Bécsy,1
2682,Vendéghegyi,1
495,Dobrossy,2
650,Folkusházy,0
579,Eperjessy,1
2517,Sőtér,4
1925,Pottornyay,0
433,Czeisz,1
1063,Izsó,30
352,Bölcsházy,0
781,Greizinger,0
1784,Olicsek,0
358,Cenner,0
2458,Szurmák,0
1141,Karaffa,2
361,Chyzer,1
1821,Pandúr,9
2865,Zsámboki,15
364,Crempola,0
2222,Selye,0
601,Eőry,2
589,Erményi,1
2307,Strempel,0
369,Csapiár,0
2647,Vajdafy,0
1122,K.,0
291,Bucsánszky,2
1384,Késmárki,2
379,Cseke,38
303,Busehor,0
382,Csenteritz,0
1475,Liebold,0
2627,Ulrik,1
462,Darvassy,0
2680,Vellay,1
1603,Matlag,1
2353,Szalmási,7
1471,Leár,0
185,Bikich,2
351,Böke,1
578,Enyvvári,0
4,Acél,1
401,Csilléry,0
1582,Markusovszky,0
2724,Vukassinovits,0
2242,Simsa,0
1709,Mátékovics,0
544,Dörflinger,18
2737,Váry,0
2599,Turcsányi,34
416,Csákberky,0
2819,Wukassinovits,0
2836,Zboray,5
2400,Szentpétery,1
1630,Mergenthaler,0
1477,Linczenpolcz,5
253,Borvendég,1
475,Dene,6
432,Czeber,0
2476,Szíics,0
2467,Szécsenyi,34
443,Czotter,4
939,Hertli,0
639,Filgóssy,0
1182,Kempelen,2
2482,Szöllösy,21
1470,Lexa,1
2397,Szentléleki,0
380,Cselkó,0
2331,Svetschin,0
46,Arany,38
966,Hockl,0
1662,Miske,0
2230,Sik,2
982,Homonnay,0
928,Herein,0
2582,Torgyik,0
223,Bogdándy,1
211,Blöckinger,0
2360,Szecsei,8
1794,Orendács,0
143,Beliczay,2
1448,Laumann,0
484,Dimák,1
706,Gadányi,1
1864,Petrásy,0
708,Gajári,0
2678,Vecsei,23
27,Ambrus,55
493,Dobos,196
496,Dobrosy,3
974,Holba,1
2655,Való,6
2252,Skhreiber,0
1645,Mihályfy,3
766,Goldzieher,0
1049,Incze,5
1547,L’Auné,0
2908,Író,0
411,Csonták,0
513,Dratsay,0
1145,Kardon,0
489,Diószeghy,2
2689,Vető,0
587,Erdősí,5
135,Bedő,41
585,Erdősi,5
2003,Radványi,8
1484,Lipkay,0
540,Döchner,0
1432,Laky,2
910,Hefkó,0
2062,Rominsky,0
548,Eckenberg,0
2620,Uhman,0
2249,Sipőtz,0
582,Erdész,0
553,Egyed,74
419,Csármann,0
2703,Vimental,0
558,Eleméry,0
241,Bori,22
2547,Tertsch,0
567,Emyei,0
2848,Zimniermann,0
569,Enberger,0
2413,Sziklai,5
1246,Kocsy,1
2508,Sárváry,2
1758,Nováky,0
1010,Hulényi,1
631,Festetics,0
2372,Szelmayer,0
1754,Novelly,0
710,Gajárí,0
2270,Spielenberg,0
2880,pandurovits,0
1021,Hányi,0
2617,Ubrik,0
1360,Kuzmik,0
596,Esztergályos,7
597,Evva,1
2153,Schaffner,2
371,Csaplovich,0
482,Dieballa,0
2541,Teleky,5
2532,Tary,2
176,Bertalan,116
838,Göndöcs,21
2638,Utry,0
617,Fehérvári,11
1153,Karányi,1
1649,Miklós,104
626,Fenyő,7
865,Hallóssy,0
2133,Rózsás,11
1639,Mezey,10
2861,Zsitnyánszky,0
2035,Reitszam,0
1667,Mohán,2
2679,Vecsey,6
642,Fissinger,0
2341,Szadai,7
647,Fock,4
2165,Schiebel,1
2097,Rzepeczky,0
1192,Kertész,144
384,Csepreghy,6
2602,Tájber,0
672,Frivaldszky,0
561,Előd,2
754,Ginzery,0
1155,Kasenczky,0
1419,LKovács,0
2813,Wolffarl,0
395,Csides,2
2624,Ujfalvi,0
1633,Merschitz,0
1997,Pőzel,0
157,Benkovszky,0
1099,Joós,1
2385,Szenessy,0
1109,Járitz,0
2918,Ősapay,0
26,Ambrosits,0
709,Gajáry,0
71,Bajáky,0
2498,Sághy,7
715,Gammel,1
721,Garay,8
1914,Poleretzky,0
724,Gavalya,0
725,Gavora,0
1220,Klaudy,1
73,Bakcsy,0
521,Drégely,0
2221,Sellei,101
2552,Thierry,0
1009,Hujber,18
564,Emmerich,0
122,Batka,5
2522,Takáts,47
2080,Rozmanith,2
2540,Telegdy,1
1691,Mutzer,0
2711,Visnya,0
479,Devecis,0
1885,Piperkovits,0
762,Godán,3
1497,Lisznay,0
1833,Pató,7
2804,Wiszt,4
214,Bocke,0
336,Békéfi,1
774,Grabovszky,0
1553,Madary,0
205,Blasnek,0
1002,Hubatsek,0
87,Baluka,0
796,Guckler,0
2796,Winhart,0
420,Császár,71
803,Gyapay,0
2782,Wermer,0
354,Böröcz,13
527,Dulcsán,0
yb19092490,Paukner,0
2658,Vaniss,0
915,Heinzman,0
42,Apagyi,0
810,Gyurkovits,3
520,Drágffy,0
817,Gyürke,0
2696,Vidéky,0
1631,Mergenthaller,0
2803,Wiskousky,0
600,Eőrsi,0
83,Balló,1
2500,Ságody,0
1536,Léránt,14
835,Gödöny,1
837,Gönczi,131
113,Bartunek,0
2098,Rába,1
2065,Romy,1
220,Bodrogi,3
849,Hagyó,21
1679,Mosdóssy,0
2713,Viszt,3
2670,Vasvári,11
1144,Karczag,6
86,Baltzer,0
787,Grollg,0
861,Halabúk,0
538,Dévény,0
1051,Irsai,2
1689,Muskovits,0
2183,Schmiilt,0
880,Hanvai,0
2519,Tabajdy,0
2194,Schuchtár,0
630,Ferenczy,10
951,Hieronymi,0
2118,Rétháti,0
455,Dankowsky,0
1741,Niedzivulszky,0
783,Grigár,0
2912,Örsy,1
1576,Marczinkievicz,0
2756,Wanke,0
45,Apostol,42
834,Gödöllei,1
914,Heidler,1
621,Fekets,1
891,Harsányi,33
2329,Sumanovácz,0
2366,Szeiff,0
919,Hellmich,0
1469,Leszik,0
720,Garancsy,1
921,Heltai,1
1813,Paksi,20
2138,Sajó,29
2661,Vargha,7
1284,Kornai,1
2801,Wirnhardt,0
96,Barakovics,3
1367,Káldor,4
1799,Osapay,0
949,Heyl,0
2829,Zacska,0
941,Hetessy,1
942,Hettyey,0
333,Bátory,2
2047,Rimanóczy,2
1409,Kötél,5
2039,Reminiczky,0
2433,Szmodits,0
2621,Uhmann,0
652,Forisek,0
1994,Pörje,0
2206,Schönhein,0
467,Debski,0
2018,Ratkovszky,0
2017,Rasovszky,0
2622,Uiás,0
2449,Sztankovits,1
894,Harth,0
1608,Matzinger,0
2009,Rajtuk,0
2005,Ragályi,5
456,Danzer,0
263,Bradách,0
2667,Vaskó,11
341,Bérezi,0
1433,Lamotte,0
1529,Lázié,0
488,Diósi,15
684,Fáy,4
2596,Tunyogi,2
1980,Pécsei,0
846,Hadzsy,0
1584,Marközy,0
365,Csaba,75
194,Bisitz,1
1974,Pártzer,0
61,Badál,0
1467,Lenkei,10
1965,Pálka,0
902,Hatos,21
1638,Mezei,134
1118,Jósvay,0
1955,Purtzl,0
1563,Majorossy,0
1713,Móry,0
583,Erdődy,2
550,Egerházy,0
1893,Placht,0
70,Bajáki,8
1943,Prokesch,2
1941,Prochnov,0
976,Hollentoner,0
1700,Márkly,0
466,Debreczenyi,18
1934,Preuszner,0
1929,Poór,20
577,Enyingi,0
1217,Kizdián,2
1923,Poszpischl,0
2856,Zoványi,0
278,Bruha,0
1801,Ostyáni,1
1805,Osztermann,4
1909,Pokieser,0
1510,Ludmányi,0
1897,Platthy,1
1842,Payper,0
2824,Zabutsek,0
179,Betsey,0
189,Birkl,1
2673,Vaszilievits,0
387,Cserhalmi,1
1508,Luboviensky,0
187,Bikits,0
1869,Petzrik,0
2013,Ramaseder,0
1867,Pettykó,1
2114,Rényi,0
1857,Petretz,0
98,Barbás,0
1852,Peschky,0
2301,Stohansl,0
434,Czellaó,0
1845,Pecsis,0
1083,Janny,0
2108,Ré,0
402,Csiszlár,0
1835,Paulay,0
1041,Igaly,0
1492,Liskovetz,0
1820,Pandurovits,0
632,Feszeli,0
2751,Waldinger,4
1818,Pandur,9
35,Andrássy,3
1968,Pálos,0
1808,Ozorai,1
896,Harámi,1
79,Balay,0
2238,Simonffy,0
1960,Pákh,1
554,Együd,1
2855,Zombory,4
1793,Orczy,0
1791,Orbanitz,0
2347,Szakmány,0
1091,Jehring,0
2237,Simonchich,0
1127,Kacsóh,0
1772,Nékám,0
59,Bachát,0
2561,Tippner,0
1769,Nádas,23
1812,Pajzs,1
2806,Wittenbarth,0
1829,Papperül,0
1342,Kulcsár,207
508,Domonkos,35
971,Hofher,0
447,Czéber,0
1747,Nisponszky,0
2838,Zeiger,1
2126,Rónay,2
1720,Mündl,1
145,Bellus,0
1422,Laczkovich,1
2546,Terletter,0
2359,Szaszovszky,0
805,Gyenge,69
2676,Vati,18
1516,Luizer,0
2069,Rosmanith,0
1716,Mühl,8
943,Hetényi,4
1706,Mátlié,0
1703,Mártonffy,0
1219,Klapper,0
238,Borbás,57
2119,Rétyi,0
1698,Márffy,0
1548,Maass,0
1333,Krónits,0
763,Gogolák,3
1686,Mukk,0
1684,Muchmayer,0
863,Hallamásek,1
1681,Mossonyi,0
394,Csicsmanczay,0
1783,Ohlhauser,0
2289,Stephány,0
1030,Hölle,0
566,Emperl,2
1672,Monó,0
1368,Kálhok,2
1665,Modossy,0
2639,Uzsák,2
1090,Jauernik,0
1103,Juventius,0
1653,Milassin,1
1652,Mikóczi,0
1564,Majthényi,1
1650,Mikolay,5
2200,Schwendtner,1
1647,Mihálykovics,0
2799,Wintner,2
1640,Michál,0
164,Bereczky,5
1218,Kiébert,0
1959,Pákay,2
2557,Tibiássi,0
646,Fochler,0
1129,Kada,0
2633,Urbanovics,0
1629,Menczlik,0
2672,Vaszary,4
1307,Krajcsics,1
635,Feszi,0
372,Csapláros,1
2050,Rippert,5
1945,Protzer,1
162,Berczel,0
1241,Kobler,0
2309,Strigentz,0
1507,Lovász,96
989,Horony,0
500,Dobrzyniecky,0
260,Bottyáni,0
703,Füzér,0
1077,Janek,4
1594,Martiny,2
2164,Schiebe,0
250,Borsosföldi,0
1022,Háringáts,0
142,Belgrádi,0
1136,Kamocsay,0
2612,Törő,12
1660,Mirsch,0
1573,Manzéger,0
2030,Reintz,0
2685,Vermes,11
852,Hainiss,0
383,Csepke,0
1442,Lassányi,0
1070,Jakopovits,2
2817,Wossala,0
1558,Magyarevics,0
1782,Ohler,6
702,Füzy,5
1512,Ludvik,0
2641,Vadkerti,1
1542,Löwenstin,0
1534,Lénárd,13
1533,Léman,0
279,Brukker,1
818,Győrffy,6
2887,Ádámy,2
851,Haidekker,1
1523,Lyachovics,0
1234,Klunzinger,0
1520,Lukácsy,2
1001,Hruby,5
2603,Tálassy,0
682,Fái,3
1506,Lovasy,1
1504,Losczák,1
1503,Lombay,0
1444,Latky,0
15,Akantisz,0
1499,Lobmajer,0
1498,Litauszky,1
2304,Stolnicki,0
1495,Liszkai,52
2757,Warga,0
1779,Ocskay,0
2899,Édes,6
149,Bendessy,0
2396,Szentkirályi,4
2060,Rokszer,0
1351,Kurmann,0
929,Herkner,7
1046,Illési,0
2598,Turchányi,2
1243,Koburger,0
850,Hahnel,0
2213,Sebestyén,206
305,Buzay,0
1661,Miskay,0
2635,Urik,0
1460,Leidenfrost,0
1069,Jakoby,0
1673,Morbitzer,0
2609,Töreky,0
570,Endrei,1
658,Frankfurti,0
1522,Luzsa,0
1025,Házas,2
1441,Laskovits,0
1167,Kazinczy,4
2408,Szervó,0
2403,Szerafusz,0
2534,Tatai,16
1427,Lajosfalvi,1
2116,Rétesi,0
1421,Lacuska,0
1420,Lacsny,1
2246,Siposs,0
1604,Matolay,1
1414,Kőmives,7
1412,Kürtös,1
381,Csendes,19
1407,Körös,21
343,Bézsenyi,1
400,Csillag,101
2690,Vezdin,0
2160,Schenadek,0
2303,Stokovszky,1
977,Holló,97
1397,Kömives,7
1396,Kölüs,0
1402,Könyves,14
2325,Sugár,40
864,Hallamássek,0
1388,Kónya,166
289,Buchgraber,0
138,Behyna,0
2484,Szöts,0
2373,Szemenyei,21
1373,Kánai,5
592,Erényi,0
2728,Vágó,61
1314,Kreszula,0
1365,Kájlinger,0
1062,Ivánszky,1
1282,Kormonyák,0
1359,Kuzder,0
1357,Kutassy,1
1354,Kurzbacher,0
1431,Lakos,25
901,Hatolkay,0
2442,Szombathy,1
2457,Szultos,0
913,Hegyváry,0
2217,Seeber,0
1275,Kopcsányi,5
1017,Hyross,2
2644,Vadász,31
2113,Régi,0
347,Bódy,2
1316,Kricsfalvy,0
1032,Hörk,1
2729,Váli,4
2776,Wenczl,0
1824,Panovitz,0
2456,Szuhay,1
130,Baán,17
1295,Kosztolányi,16
1094,Jeney,8
2684,Veress,29
1012,Hunyadi,86
yb19121967,Jamisch,0
2102,Rákóczy,2
2444,Szondy,4
2669,Vastag,21
2049,Ripka,2
2443,Szomor,8
586,Erdőssi,0
2435,Szoboczky,0
55,Ausim,0
920,Helmschmidt,0
1370,Kállay,9
1248,Kohlert,0
2120,Révai,41
1878,Pikószky,0
124,Batyala,0
1237,Kneisz,21
2586,Totth,1
1549,Machan,0
1405,Környei,3
132,Beckmann,0
95,Barakovich,0
2437,Szokola,3
201,Blary,0
1695,Mácsady,0
1214,Kisujfalusi,0
1211,Kis-Erős,0
723,Gattein,5
1039,Hős,1
1403,Könyöki,0
749,Gerlóczy,3
120,Baseli,0
2794,Windhager,0
802,Gyalokai,0
2835,Zatopek,1
1191,Kerstner,0
376,Csaudáry,0
1186,Kerecsényi,11
2712,Visontai,5
181,Beősze,0
2533,Tassi,11
996,Horváthy,0
118,Baróti,2
2091,Rupp,2
877,Hantos,1
1625,Melkó,0
1406,Körtvélyesi,3
1170,Kecskeméthy,8
899,Haszmann,3
362,Clauser,0
1328,Kráuthl,0
2410,Szigethy,17
1163,Kauser,0
1692,Muzs,0
824,Gácsi,8
806,Gyomoréi,22
2418,Sziládi,6
186,Bikics,0
1554,Madarász,179
1439,Lappert,0
1462,Leitkam,0
1764,Nyirő,11
1130,Kadenszki,0
1828,Papperth,0
1119,Józan,23
1760,Noél,0
1376,Kárgli,0
2083,Rozsonics,1
2110,Rédi,0
542,Dömök,2
1110,Jármay,0
1982,Pék,30
2275,Spányi,0
1102,Jurenák,0
1496,Liszkay,2
1763,Nyiry,2
2526,Tamáskovich,0
463,Darvasy,0
922,Helvey,0
58,Babucs,2
108,Bartalits,0
2636,Urs,0
2089,Rumbach,1
718,Garam,0
1072,Jaminsky,0
1953,Purebl,0
10,Adátny,0
1481,Lindl,4
2233,Sikonya,1
2579,Tordai,3
549,Ecséry,0
2149,Saíranek,0
106,Barta,301
2615,Tőkés,15
1057,Isépy,0
2387,Szenkovich,0
506,Dokuly,0
330,Básics,0
1729,Nemesszeghy,6
516,Drescher,20
44,Apatitzky,0
1416,Kőrösy,1
1786,Onhaiser,0
1036,Hümpfner,0
649,Fogarassy,1
924,Henszelman,0
1854,Pesthy,0
103,Barlatits,0
1029,Höfle,0
1479,Lindenbach,0
1027,Hódy,3
1026,Héjj,0
2057,Rogosits,0
1677,Morlin,0
472,Demjén,45
2911,Örsek,0
1015,Huschek-Blaha,0
1014,Huschek,0
1011,Humayer,0
452,Danizy,0
1350,Kurfürst,0
2764,Weichhardt,1
2243,Sindelás,0
1019,Hámory,0
yb19092188,Schandel,0
519,Dritomszky,0
2145,Sauerland,0
2686,Vesetcky,0
730,Geböck,0
2095,Ruthner,0
1616,Medl,0
727,Gazsi,2
2135,Rőhri,0
2078,Rozant,5
1881,Pinke,4
1807,Osztoits,0
1551,Machán,0
748,Gerle,0
511,Dorogsághy,0
991,Horti,1
563,Emmer,16
1726,Naszádi,1
1321,Kronits,0
568,Emőd,0
1868,Pettykő,1
2105,Rátonyi,2
2134,Rüll,5
1224,Kleisz,0
1601,Mathievics,1
1567,Malaky,0
139,Beke,88
1372,Kály,1
2247,Sipöcz,19
1394,Kölber,1
182,Bicskey,0
492,Dobján,0
1531,Léczian,0
209,Blázy,0
2214,Sebák,1
1976,Pásztory,2
1231,Kliczpera,0
940,Hessky,0
2423,Szirmai,7
243,Boronkay,1
1921,Porpáczy,0
1884,Piperkovics,0
1274,Konyusik,0
1569,Manchen,0
310,Bácskai,36
1605,Mattyasovszky,1
1426,Lahocsinszky,0
1957,Pádár,48
1905,Podmanitzky,0
2849,Zimányi,3
1203,Kirch,1
712,Gallina,0
1154,Karés,1
314,Bálványi,0
1796,Oroszlán,5
2707,Virnhardt,0
2074,Rostagni,0
168,Beretz,0
1059,Iváncsó,0
1771,Nádory,0
2572,Tomanó,1
2496,Sáfár,18
2571,Tolnay,2
2888,Ágoston,172
1915,Polgár,207
1666,Modrovich,0
173,Bernauer,1
21,Alm,0
2326,Sukola,0
1975,Pártényi,0
1746,Nirschy,1
alm1904346,Kreczinger,0
2346,Szakacsics,0
2211,Scserbovszky,0
357,Cavalloni,0
1511,Ludvigh,3
1174,Kelecsényi,9
43,Apalitzky,0
683,Fájli,0
1150,Karlovitz,2
507,Domanyek,1
816,Györffy,6
529,Dulácska,0
288,Buchelt,1
24,Alth,0
2129,Rózay,0
1904,Podluzsánszky,0
741,Gerencsér,24
2652,Valpatits,0
2337,Szabady,3
2903,Élő,7
219,Bodrog,0
363,Crempeltz,0
992,Hortobágyi,0
1917,Polányi,4
2182,Schmiedinger,0
1003,Hubay,4
947,Heves,2
1532,Léczián,0
1074,Jancsovits,0
322,Bárczi,3
2746,Vörös,224
1031,Hörcher,2
2569,Toldy,5
1970,Pálya,1
1266,Komlóssy,1
1464,Lendvay,50
417,Csáki,80
801,Gyalog,5
2257,Softics,0
2432,Szmodics,0
743,Gerendi,0
47,Aranyossy,1
197,Bittera,0
2736,Várkonyi,44
887,Harmos,1
1798,Orágffy,0
2398,Szentmártonyi,0
2601,Tábory,0
2384,Szendy,2
2814,Wolffart,0
2760,Wawra,0
1493,Liskowetz,0
551,Egressy,4
2591,Trágy,0
1947,Pröckl,0
7,Adamy,2
2354,Szalmássy,0
1288,Koronthály,1
888,Harrai,6
2445,Szontagh,1
1198,Kiliti,0
2594,Tuboly,5
1334,Kubinyi,5
yb19091887,Kéler,3
908,Hebelt,0
465,Debreczeny,3
573,Engelbach,0
2792,Wimental,0
505,Doktay,0
1199,Kilius,0
1018,Hálák,12
1509,Lubovienszky,4
1863,Petrássy,0
1938,Prikelmayer,0
2852,Znavovits,0
979,Holtzspach,2
2273,Springmann,0
1044,Illyefalvi,0
2910,Öhler,6
1268,Komoróczy,0
246,Borovits,0
1675,Morengl,0
1341,Kujarik,0
1958,Páhn,0
2565,Tkálcsics,0
221,Bodák,0
2894,Árkay,1
502,Dobó,8
1981,Pédery,0
1918,Pongrácz,43
1202,Kintzly,0
97,Baranyay,2
460,Daruvári,0
1415,Kőműves,6
2642,Vadkerty,0
1687,Murányi,47
2692,Viasz,2
1777,Oberle,1
983,Honffy,0
2011,Rakusz,2
2593,Tröster,0
247,Borsodi,76
1417,Kőszegi,38
1260,Kolozsvári,41
1866,Petróczy,4
1966,Pálmay,2
2605,Tézli,3
1164,Kavanda,0
422,Cséfai,0
257,Bosnyákovits,5
1306,Kracker,0
2248,Sipőcz,19
815,Gyömörey,2
1928,Pozsgay,1
2590,Trenyák,1
2079,Rozgonyi,29
2625,Ullerich,0
2905,Ész,0
437,Cziczli,0
1565,Makay,11
1189,Keresztúri,12
34,Andreska,0
571,Endrey,2
662,Frecskay,0
476,Denne,0
2450,Sztarik,1
935,Hertelendi,4
2762,Wehner,0
627,Ferenc,4
477,Detrich,0
346,Bódis,33
811,Gyurmann,0
2777,Wendel,0
1149,Karkas,0
932,Herok,0
1117,Jósa,0
1737,Nevelits,0
1250,Kohuth,2
2867,Zurányi,0
1680,Mosdósy,0
509,Domsa,0
68,Bajkay,0
2219,Sehr,9
2355,Szalmásy,0
1519,Lukácsi,15
2507,Sárossy,1
48,Arathau,0
1696,Mándy,1
2584,Torna,0
776,Grabowszki,0
2613,Tövis,1
1804,Oszoli,1
2802,Wiskonsky,0
2833,Zandler,3
166,Berencsy,0
1335,Kubinyák,0
2302,Stojanovits,0
1837,Paulikovits,0
1699,Márher,0
224,Bogisich,0
690,Földváry,4
1903,Pobuda,0
1931,Prasszer,0
1937,Prickelmayer,0
1986,Pócza,27
407,Csomay,20
1761,Nyerges,61
595,Eszláry,0
1487,Liptay,6
1637,Meubauer,0
386,Cserey,0
2171,Schindelmann,0
1722,Nagv,0
1401,Könye,1
2587,Trapp,11
2215,Sebő,4
1451,Lavotta,0
1906,Pogány,23
2002,Radnai,4
1389,Kórody,2
1287,Korona,4
397,Csikász,9
2787,Wigh,0
950,Hidassy,1
1708,Mátéfy,0
1137,Kamrás,2
2859,Zsillé,0
1361,Kuzsinszky,0
1060,Ivánfi,3
2033,Reiszberger,0
1438,Lantosy,0
1830,Parsche,1
1566,Makó,31
1168,Kazár,7
128,Bausz,2
2298,Stipics,2
993,Horvatics,0
2735,Váradyné,0
1206,Kiripolszky,0
1590,Marsovszky,0
1293,Koródy,2
698,Füredy,2
1249,Kohlért,0
1964,Pálföldy,0
2404,Szerb,0
37,Angelusz,0
1185,Kenesei,4
360,Chobota,0
297,Bunyitay,0
504,Doehner,0
606,Faludy,0
94,Baracs,1
1745,Nikoletti,1
934,Herpka,1
1768,Nád,1
2143,Sarudy,0
2163,Schey,1
1381,Képiró,14
144,Bellaágh,0
2539,Tegzes,0
385,Cser,46
973,Hofner,1
1577,Marenits,0
700,Füstér,3
2342,Szaday,0
629,Ferenczi,90
1454,Lazmann,0
2608,Tótth,1
886,Harmath,13
1596,Martos,1
yb19092449,Trsztyenszky,0
464,Daunterer,0
2570,Tolnai,131
2000,Rabsch,0
12,Agotay,0
733,Gecső,0
431,Czebe,7
2144,Sass,20
2038,Remete,5
2226,Seres,113
689,Földessy,3
843,Haberern,0
1655,Milei,0
2515,Söveggyártó,0
2375,Szemere,0
1973,Pápay,3
1418,Kővári,9
1972,Pápai,47
1810,Pados,8
2294,Stichleutner,0
1232,Klim,0
2726,Váczy,1
2406,Szerezla,0
2356,Szalontay,2
633,Feszely,0
2150,Scerbovszky,0
1697,Mánk,0
311,Báldy,0
30,Amigó,2
2687,Vesetzky,0
1317,Kriegler,1
1252,Kolbányi,2
117,Barócs,0
1515,Lufcsik,0
1437,Lantossy,0
1614,Mechtler,0
2395,Szentkeresztfi,0
2392,Szentessy,0
1977,Pátkai,7
337,Békési,56
1635,Meszlényi,11
2394,Szentiványi,14
2142,Sarlós,0
1800,Ostián,1
604,Fah,0
1910,Pokieszer,0
659,Franki,0
2791,Willig,1
2643,Vadon,9
772,Gosztonyi,2
1611,Maydánszky,0
yb19092422,Robák,0
692,Fölkel,2
687,Födi,9
883,Haraszti,10
2453,Sztrenyák,0
936,Hertelendy,3
2701,Villói,0
2772,Weinszeisz,0
2580,Torday,1
1571,Mandák,1
2651,Valovits,0
1228,Klenim,0
1395,Köllő,1
2175,Schmaderer,0
643,Flanyek,0
165,Bereghy,0
2350,Szakál,40
1362,Kvitskó,0
2717,Vojcsik,1
884,Harcz,1
889,Harray,0
1095,Jeny,0
1280,Koritsánszky,0
1111,Járó,10
2440,Szombathely,0
2893,Ári,5
228,Boinitzer,0
1550,Machay,0
2645,Vagyák,0
814,Gyökér,7
340,Bérczi,98
576,Englerth,0
2721,Vosits,0
64,Bai,45
608,Fapp,0
2402,Szer,1
1410,Kövesi,24
2592,Trágyi,0
691,Földy,1
1140,Kapy,1
469,Deme,49
2159,Scheiter,1
523,Dudái,0
909,Hebentanz,0
2043,Richnovszky,0
707,Gajzágó,3
2268,Spannberger,0
9,Adámy,2
414,Csukás,24
2527,Tamáskovits,1
2335,Szabacsek,1
961,Hlavkay,1
1524,Ládi,3
2276,Spáth,1
1400,Könnye,0
269,Brestyánszky,0
1875,Piday,0
1023,Háry,5
1911,Pokomándy,1
2563,Tirschl,0
318,Bánlaky,0
1304,Kozáry,2
1501,Lobniayer,0
1979,Péchy,4
1093,Jellenek,0
678,Furebl,0
2698,Vigadi,0
2884,Ábrányi,1
169,Beretzky,1
309,Bácsinszky,2
1398,Köncs,1
1201,Kinczly,0
1710,Méro,3
2575,Tompó,1
2103,Ránits,0
2710,Virágh,34
133,Becske,2
2740,Vécsey,6
1753,Novaky,0
1313,Krepuska,1
1816,Pandel,0
323,Bárczy,3
2088,Rubis,1
2681,Venczell,0
2889,Ágotay,0
2189,Schroll,1
2420,Szimély,0
828,Gárdonyi,3
1901,Pluchár,2
2821,Wurmb.,0
699,Füry,1
2040,Renkei,0
2334,SzHorváth,0
296,Bukovszky,5
800,Guvelinger,1
925,Henszelmann,0
808,Gyurinovich,0
2349,Szakái,1
1259,Kolonits,2
1694,Muzsikó,0
81,Balikó,23
2390,Szentes,3
1393,Ködmencsi,0
938,Hertendy,0
1527,Lártg,0
1132,Kajlinger,0
1073,Jaminszky,0
501,Dobrády,2
858,Hajnos,0
1574,Marcsiny,0
1194,Kerékgyártó,9
530,Dura,0
1281,Korláth,0
1714,Mósch,0
637,Fettick,0
2082,Rozsnyó,0
874,Hamvasy,0
2495,Sábián,3
2094,Ruszék,2
261,Bozzay,3
367,Csajka,5
2383,Szendi,25
1299,Kovácsy,0
235,Bolvánszky,0
900,Hatolkai,1
955,Hincz,0
1486,Lipovetz,0
937,Hertendi,0
yb19092402,Jungling,0
1035,Hültl,0
373,Csapó,194
440,Czike,2
2623,Ujbányi,1
1619,Megele,1
468,Decsy,1
594,Erőss,8
2272,Spillenberg,0
2428,Szlatiny,0
2491,Szőllősy,21
1478,Lindauer,1
2374,Szemenyey,0
738,Gellért,7
1924,Posztobányi,0
624,Fent,0
1895,Planer,2
1963,Pálfi,72
734,Gedei,1
868,Halmos,5
1876,Pigniczki,1
2231,Sikety,0
1579,Marits,0
1171,Kecskeméti,105
1443,Laszip,2
1195,Kerényi,3
782,Grigoli,0
1678,Mosch,0
2568,Toldi,18
661,Frankovits,0
2099,Rábai,4
90,Balázsovich,1
1823,Panovicz,0
2376,Szemerédy,1
1485,Lipovecz,0
1156,Kaszper,1
218,Bodor,106
746,Gerger,2
2363,Szedmáky,1
427,Czagányi,4
2386,Szeniczey,1
1483,Linzbauer,2
2843,Zielinski,3
1378,Károlyi,60
2544,Tenke,13
1568,Malmos,27
2203,Schödl,4
1285,Kornitzky,0
1212,Kis-Szölgyémi,0
809,Gyurkovich,0
1236,Klázer,0
yb19123002,Bühler,0
1781,Odry,2
533,Dzsálya,0
1320,Kroner,7
2744,Véssei,0
1855,Pesti,80
275,Brodesser,0
430,Czapp,0
1028,Hóiba,0
2845,Zilahy,2
1600,Matauschek,2
2555,Thury,6
1449,Lautner,0
688,Földes,19
705,Gacsáry,0
603,Fadgyas,14
1184,Kende,2
1580,Markovich,1
1319,Krompholcz,0
1024,Hátas,3
2368,Szekeres,205
2340,Szabóky,0
590,Ernyei,3
2805,Witkovszky,0
1318,Krisztinkovich,0
359,Chobola,2
345,Bódai,12
1480,Lindenmayer,4
2558,Tichler,0
2421,Szintai,2
2327,Sultisz,0
1488,Lipthay,1
2818,Wuch,0
1305,Koós,59
543,Dömötör,73
335,Békehegyi,0
2357,Szalonás,1
1690,Musza,1
1086,Jantsovits,0
840,Günther,15
2518,Tabajdi,26
907,Hazafy,0
293,Buday,12
526,Dukovits,0
225,Bognár,261
1988,Pólencz,1
412,Csorna,1
1054,Isskruljev,0
232,Bolemann,0
2648,Vajna,2
1016,Huszár,113
398,Csikós,106
1537,Lóránt,4
1585,Marosfy,0
2469,Szécsy,1
2008,Rajháty,0
541,Dömsödi,1
2567,Tokody,1
25,Altorjai,0
2528,Tamásy,4
349,Bödecs,3
580,Erczhegyi,0
622,Feleki,2
1371,Kálmánczhelyi,0
1944,Prokopp,0
1037,Hőfle,0
66,Baitner,0
1050,Ipoly,0
2900,Éles,63
2654,Valtinyi,0
2177,Schmellhegger,0
1607,Matuska,8
353,Bölcskei,4
2719,Vollmann,0
2007,Rajháti,0
2032,Reisz-Guttay,0
2493,Szőts,0
848,Hagymássy,2
2415,Szilvássy,0
2330,Supka,3
1728,Nelhübel,0
1052,Irányi,1
1116,Jékly,0
226,Bogár,39
740,Gere,19
2834,Zaratin,0
860,Hajós,55
2671,Vasyilievits,0
1273,Kontsek,1
912,Hegyi,107
675,Frólik,0
2725,Váczi,144
2053,Ritoók,0
2048,Rimár,2
2879,lllyefalvi,0
2486,Szüllő,0
531,Durucz,35
436,Czibor,1
1175,Kelemen,493
813,Gyurótsik,0
172,Berkes,97
739,Genersich,0
317,Bánfi,27
2514,Sötér,4
1889,Pischoff,0
1978,Pázmán,0
917,Helfenberger,0
1644,Mihályfi,8
2122,Rézi,1
2763,Wehrmann,1
2853,Zofáhl,1
1711,Mérő,3
1459,Ledényi,1
2832,Zajti,0
2178,Schmelovszky,0
2472,Székács,27
745,Gergelyi,0
1736,Nevelics,2
1946,Prónay,0
123,Battlay,0
1844,Pecsics,0
1126,Kacsur,3
1147,Kares,1
2907,Ézsöl,1
1806,Osztian,0
1390,Kóródy,2
100,Barczen,1
918,Hellmer,0
1332,Krénusz,2
2914,Újvári,60
779,Grecsó,0
107,Bartal,16
2536,Tauschler,0
57,Babocsay,1
742,Gerenday,1
1200,Kimig,0
1940,Pritz,2
1815,Palotai,96
1216,Kiticsán,0
2614,Tüttő,0
1651,Miksits,0
2475,Szép,58
2132,Rózsavölgyi,1
2271,Spilenberg,0
152,Beneda,1
1369,Kállai,91
408,Csongár,3
1663,Miskovics,4
1134,Kallós,1
1007,Hudomel,0
663,Frenyó,1
2085,Rozsár,0
1949,Puchwald,0
1043,Ilkey,0
391,Csics,3
2607,Tóthfalussy,0
2695,Vidos,0
845,Hackermüller,0
2566,Toborffy,1
1894,Plachy,7
1620,Megyery,0
546,D’Ouvenou,0
685,Fél,1
2489,Szőke,390
2227,Serly,1
1952,Puntigám,0
1158,Katinszky,1
1856,Petheő,5
458,Darnay,2
1294,Koszorú,2
1490,Lipóczy,1
494,Dobrai,31
2574,Tompa,18
2229,Sigl,1
1089,Jarács,1
1626,Melly,0
2026,Reinboth,0
184,Bihary,0
1587,Marossy,1
370,Csapiáros,0
1891,Piszlinger,0
1682,Mottl,0
2260,Somlyai,32
2012,Ramascder,0
2691,Vezér,2
yb1912598,Kogler,15
