sorszam,n1,FNF
1,Abelsberg,1
2,Abonyi,0
3,Ackerl,1
4,Acél,0
5,Adamek,7
6,Adametz,1
7,Adamy,0
8,Adámi,0
9,Adámy,0
10,Adátny,0
11,Agocs,1
12,Agotay,0
13,Agócs,1
14,Aigner,0
15,Akantisz,0
16,Albrecht,3
17,Alemann,0
18,Alexa,7
19,Ali,0
20,Alkér,0
21,Alm,0
22,Almády,0
23,Almásy,0
24,Alth,0
25,Altorjai,0
26,Ambrosits,0
27,Ambrus,0
28,Ambrózy,0
29,Amigo,0
30,Amigó,0
31,Anderkó,4
32,Andor,1
33,Andrejka,1
34,Andreska,0
35,Andrássy,0
36,Angelus,0
37,Angelusz,0
38,Angyal,7
39,Angyán,1
40,Antal,1
41,Anton,18
42,Apagyi,0
43,Apalitzky,0
44,Apatitzky,0
45,Apostol,0
46,Arany,0
47,Aranyossy,0
48,Arathau,0
49,Argauer,0
50,Armstádt,0
51,Arányi,1
52,Asztalos,1
53,Auer,23
54,Aulinger,0
55,Ausim,0
56,Axmann,3
57,Babocsay,0
58,Babucs,0
59,Bachát,0
60,Badics,3
61,Badál,0
62,Bagi,3
63,Bagossy,0
64,Bai,0
65,Baintner,3
66,Baitner,0
67,Bajczár,1
68,Bajkay,0
69,Bajusz,1
70,Bajáki,0
71,Bajáky,0
72,Bakay,1
73,Bakcsy,0
74,Bakodi,0
75,Bakonyi,3
76,Bakos,2
77,Baksay,0
78,Bakó,8
79,Balay,0
80,Balder,0
81,Balikó,0
82,Balla,3
83,Balló,0
84,Balog,13
85,Balogh,2
86,Baltzer,0
87,Baluka,0
88,Balás,1
89,Balázs,1
90,Balázsovich,0
91,Balázsy,4
92,Baló,0
93,Barabás,0
94,Baracs,0
95,Barakovich,0
96,Barakovics,0
97,Baranyay,0
98,Barbás,0
99,Barcza,1
100,Barczen,0
101,Bari,2
102,Barina,2
103,Barlatits,0
104,Barna,1
105,Barsi,1
106,Barta,0
107,Bartal,0
108,Bartalits,0
109,Bartalos,0
110,Bartek,4
111,Bartos,1
112,Bartsch,11
113,Bartunek,0
114,Bartók,4
115,Barát,5
116,Baráth,4
117,Barócs,0
118,Baróti,0
119,Basch,9
120,Baseli,0
121,Bata,3
122,Batka,0
123,Battlay,0
124,Batyala,0
125,Bauer,128
126,Baumann,31
127,Baumgarten,36
128,Bausz,0
129,Bayer,16
130,Baán,0
131,Becker,23
132,Beckmann,0
133,Becske,0
134,Bede,1
135,Bedő,0
136,Behringer,0
137,Behumi,0
138,Behyna,0
139,Beke,0
140,Bekö,1
141,Bekő,1
142,Belgrádi,0
143,Beliczay,0
144,Bellaágh,0
145,Bellus,0
146,Bencsik,13
147,Bencze,2
148,Bendes,0
149,Bendessy,0
150,Bendesy,0
151,Bene,3
152,Beneda,0
153,Benedek,3
154,Benes,1
155,Benesch,0
156,Benke,3
157,Benkovszky,0
158,Benkó,4
159,Benkő,4
160,Benyovits,5
161,Benyó,3
162,Berczel,0
163,Berecz,0
164,Bereczky,0
165,Bereghy,0
166,Berencsy,0
167,Beretics,6
168,Beretz,0
169,Beretzky,0
170,Berger,657
171,Bergsmann,8
172,Berkes,0
173,Bernauer,0
174,Bernáth,1
175,Berta,1
176,Bertalan,0
177,Beránek,4
178,Berényi,1
179,Betsey,0
180,Beösze,0
181,Beősze,0
182,Bicskey,0
183,Biegelbauer,1
184,Bihary,0
185,Bikich,0
186,Bikics,0
187,Bikits,0
188,Bilkay,0
189,Birkl,0
190,Birkus,0
191,Biró,13
192,Bischof,6
193,Bischoff,5
194,Bisitz,0
195,Biszterszki,4
196,Bitter,14
197,Bittera,0
198,Bittner,5
199,Blaha,0
200,Blahó,1
201,Blary,0
202,Blaschnek,0
203,Blasinger,2
204,Blaskó,9
205,Blasnek,0
206,Blazsek,4
207,Blum,157
208,Blázsek,4
209,Blázy,0
210,Blöch,0
211,Blöckinger,0
212,Boba,2
213,Bobor,0
214,Bocke,0
215,Bocz,0
216,Boda,1
217,Bodnár,4
218,Bodor,0
219,Bodrog,0
220,Bodrogi,0
221,Bodák,0
222,Bodó,1
223,Bogdándy,0
224,Bogisich,0
225,Bognár,0
226,Bogár,0
227,Bogáthy,0
228,Boinitzer,0
229,Bolcsik,1
230,Boldog,0
231,Boleman,0
232,Bolemann,0
233,Bolgár,0
234,Bolla,1
235,Bolvánszky,0
236,Bolváry,0
237,Boné,1
238,Borbás,0
239,Borbély,4
240,Bordás,1
241,Bori,0
242,Boronkai,0
243,Boronkay,0
244,Boros,3
245,Borostyán,0
246,Borovits,0
247,Borsodi,0
248,Borsody,0
249,Borsos,1
250,Borsosföldi,0
251,Borsosföldy,0
252,Borsós,1
253,Borvendég,0
254,Bory,0
255,Borzsák,0
256,Boschán,3
257,Bosnyákovits,0
258,Bossányi,0
259,Bosányi,0
260,Bottyáni,0
261,Bozzay,0
262,Boér,1
263,Bradách,0
264,Brandt,10
265,Braun,742
266,Braunstein,12
267,Breitenbach,6
268,Breitkopf,0
269,Brestyánszky,0
270,Brett,11
271,Brettschneider,2
272,Breuer,111
273,Brezovsky,0
274,Briestyánszky,0
275,Brodesser,0
276,Brosek,3
277,Brucker,16
278,Bruha,0
279,Brukker,0
280,Brust,20
281,Bruszt,14
282,Brányi,0
283,Brányik,1
284,Bráth,1
285,Bródy,1
286,Brück,17
287,Brüll,82
288,Buchelt,0
289,Buchgraber,0
290,Bucsi,11
291,Bucsánszky,0
292,Budai,1
293,Buday,0
294,Budó,0
295,Bugyi,16
296,Bukovszky,0
297,Bunyitay,0
298,Burg,0
299,Burger,75
300,Burián,1
301,Burján,3
302,Burkus,18
303,Busehor,0
304,Buttler,0
305,Buzay,0
306,Buzáth,0
307,Bába,10
308,Bácker,1
309,Bácsinszky,0
310,Bácskai,0
311,Báldy,0
312,Báli,19
313,Bálint,4
314,Bálványi,0
315,Bán,3
316,Bánfai,0
317,Bánfi,0
318,Bánlaky,0
319,Bányai,0
320,Bányay,0
321,Bánó,3
322,Bárczi,0
323,Bárczy,0
324,Bárdi,1
325,Bárdos,0
326,Bársony,0
327,Bártl,10
328,Bárán,13
329,Bárány,0
330,Básics,0
331,Bátonyi,0
332,Bátori,0
333,Bátory,0
334,Bécsy,0
335,Békehegyi,0
336,Békéfi,0
337,Békési,0
338,Bém,1
339,Bényei,0
340,Bérczi,0
341,Bérezi,0
342,Bérényi,1
343,Bézsenyi,0
344,Bíró,13
345,Bódai,0
346,Bódis,0
347,Bódy,0
348,Bóka,8
349,Bödecs,0
350,Böhm,116
351,Böke,0
352,Bölcsházy,0
353,Bölcskei,0
354,Böröcz,0
355,Bőhm,116
356,Bősinger,3
357,Cavalloni,0
358,Cenner,0
359,Chobola,0
360,Chobota,0
361,Chyzer,0
362,Clauser,0
363,Crempeltz,0
364,Crempola,0
365,Csaba,0
366,Csabai,0
367,Csajka,0
368,Csanády,0
369,Csapiár,0
370,Csapiáros,0
371,Csaplovich,0
372,Csapláros,0
373,Csapó,0
374,Csatay,0
375,Csatáry,0
376,Csaudáry,0
377,Csefkó,2
378,Cseh,7
379,Cseke,0
380,Cselkó,0
381,Csendes,0
382,Csenteritz,0
383,Csepke,0
384,Csepreghy,0
385,Cser,0
386,Cserey,0
387,Cserhalmi,0
388,Csernovics,0
389,Cservenka,8
390,Csete,1
391,Csics,0
392,Csicsai,2
393,Csicsery,0
394,Csicsmanczay,0
395,Csides,0
396,Csik,3
397,Csikász,0
398,Csikós,0
399,Csiliéri,0
400,Csillag,0
401,Csilléry,0
402,Csiszlár,0
403,Csiszár,9
404,Csite,0
405,Csizmadia,10
406,Csizmazia,1
407,Csomay,0
408,Csongár,0
409,Csonka,4
410,Csontos,1
411,Csonták,0
412,Csorna,0
413,Csornai,0
414,Csukás,0
415,Csupor,1
416,Csákberky,0
417,Csáki,0
418,Csányi,0
419,Csármann,0
420,Császár,0
421,Csébi,0
422,Cséfai,0
423,Csóka,1
424,Csóry,6
425,Csögör,0
426,Csöppüs,0
427,Czagányi,0
428,Czaha,1
429,Czakó,1
430,Czapp,0
431,Czebe,0
432,Czeber,0
433,Czeisz,0
434,Czellaó,0
435,Czenner,0
436,Czibor,0
437,Cziczli,0
438,Cziegler,1
439,Czigány,22
440,Czike,0
441,Czimmermann,7
442,Czitrom,12
443,Czotter,0
444,Czvitkovics,1
445,Czvitkovits,5
446,Czárán,1
447,Czéber,0
448,Czéh,1
449,Dallos,2
450,Dancs,4
451,Dancsa,5
452,Danizy,0
453,Dankos,0
454,Dankovszky,0
455,Dankowsky,0
456,Danzer,0
457,Darabos,4
458,Darnay,0
459,Daruba,0
460,Daruvári,0
461,Darvas,1
462,Darvassy,0
463,Darvasy,0
464,Daunterer,0
465,Debreczeny,0
466,Debreczenyi,0
467,Debski,0
468,Decsy,0
469,Deme,0
470,Demeter,11
471,Demján,4
472,Demjén,0
473,Demkó,2
474,Demény,0
475,Dene,0
476,Denne,0
477,Detrich,0
478,Deutsch,1303
479,Devecis,0
480,Dezső,1
481,Deák,2
482,Dieballa,0
483,Dienes,4
484,Dimák,0
485,Dinda,6
486,Dingha,0
487,Dittrich,10
488,Diósi,0
489,Diószeghy,0
490,Diószegi,6
491,Dlauchy,1
492,Dobján,0
493,Dobos,0
494,Dobrai,0
495,Dobrossy,0
496,Dobrosy,0
497,Dobrovits,2
498,Dobrovolszky,1
499,Dobry,0
500,Dobrzyniecky,0
501,Dobrády,0
502,Dobó,0
503,Dodek,1
504,Doehner,0
505,Doktay,0
506,Dokuly,0
507,Domanyek,0
508,Domonkos,0
509,Domsa,0
510,Donáth,0
511,Dorogsághy,0
512,Drach,21
513,Dratsay,0
514,Drechsler,16
515,Drencsik,2
516,Drescher,0
517,Dressler,1
518,Dreszler,1
519,Dritomszky,0
520,Drágffy,0
521,Drégely,0
522,Duday,0
523,Dudái,0
524,Dudás,9
525,Duka,2
526,Dukovits,0
527,Dulcsán,0
528,Dull,0
529,Dulácska,0
530,Dura,0
531,Durucz,0
532,Dusárdy,0
533,Dzsálya,0
534,Dániel,1
535,Dénes,1
536,Déri,2
537,Dévai,0
538,Dévény,0
539,Dómján,0
540,Döchner,0
541,Dömsödi,0
542,Dömök,0
543,Dömötör,0
544,Dörflinger,0
545,Dürr,1
546,D’Ouvenou,0
547,Eberling,3
548,Eckenberg,0
549,Ecséry,0
550,Egerházy,0
551,Egressy,0
552,Egri,1
553,Egyed,0
554,Együd,0
555,Ehrlich,70
556,Eisenstock,1
557,Elbert,0
558,Eleméry,0
559,Elischer,1
560,Eller,0
561,Előd,0
562,Emerich,0
563,Emmer,0
564,Emmerich,0
565,Emmerling,1
566,Emperl,0
567,Emyei,0
568,Emőd,0
569,Enberger,0
570,Endrei,0
571,Endrey,0
572,Engel,271
573,Engelbach,0
574,Engelhardt,5
575,Engler,6
576,Englerth,0
577,Enyingi,0
578,Enyvvári,0
579,Eperjessy,0
580,Erczhegyi,0
581,Erdélyi,6
582,Erdész,0
583,Erdődy,0
584,Erdős,1
585,Erdősi,0
586,Erdőssi,0
587,Erdősí,0
588,Erhardt,6
589,Erményi,0
590,Ernyei,0
591,Ernőd,0
592,Erényi,0
593,Erős,1
594,Erőss,0
595,Eszláry,0
596,Esztergályos,0
597,Evva,0
598,Ewinger,0
599,Eördögh,3
600,Eőrsi,0
601,Eőry,0
602,Fa,5
603,Fadgyas,0
604,Fah,0
605,Faller,3
606,Faludy,0
607,Falvai,0
608,Fapp,0
609,Faragó,0
610,Farbinger,2
611,Farkas,9
612,Farnady,0
613,Fazekas,3
614,Fecske,0
615,Fegyveres,0
616,Fehér,6
617,Fehérvári,0
618,Fejes,2
619,Fejér,1
620,Fekete,6
621,Fekets,0
622,Feleki,0
623,Felter,1
624,Fent,0
625,Fenyves,1
626,Fenyő,0
627,Ferenc,0
628,Ferencz,2
629,Ferenczi,0
630,Ferenczy,0
631,Festetics,0
632,Feszeli,0
633,Feszely,0
634,Feszelyi,0
635,Feszi,0
636,Fetter,2
637,Fettick,0
638,Fiala,8
639,Filgóssy,0
640,Finta,1
641,Fischer,915
642,Fissinger,0
643,Flanyek,0
644,Fleischer,130
645,Fliegl,5
646,Fochler,0
647,Fock,0
648,Fodor,7
649,Fogarassy,0
650,Folkusházy,0
651,Forberger,2
652,Forisek,0
653,Forrai,0
654,Forster,3
655,Forstner,3
656,Fraenkel,17
657,Frank,95
658,Frankfurti,0
659,Franki,0
660,Frankl,101
661,Frankovits,0
662,Frecskay,0
663,Frenyó,0
664,Frey,13
665,Frick,1
666,Fridrich,22
667,Friebeisz,0
668,Friedmann,842
669,Friedrich,42
670,Frimel,0
671,Fritsch,5
672,Frivaldszky,0
673,Frágner,1
674,Fráter,1
675,Frólik,0
676,Fuchs,283
677,Funk,3
678,Furebl,0
679,Furka,6
680,Futó,0
681,Fábián,4
682,Fái,0
683,Fájli,0
684,Fáy,0
685,Fél,0
686,Fóris,0
687,Födi,0
688,Földes,0
689,Földessy,0
690,Földváry,0
691,Földy,0
692,Fölkel,0
693,Förstner,2
694,Füle,0
695,Fülepp,2
696,Fülöp,5
697,Füredi,4
698,Füredy,0
699,Füry,0
700,Füstér,0
701,Füstös,7
702,Füzy,0
703,Füzér,0
704,Fűzy,0
705,Gacsáry,0
706,Gadányi,0
707,Gajzágó,0
708,Gajári,0
709,Gajáry,0
710,Gajárí,0
711,Galambos,1
712,Gallina,0
713,Gallovich,1
714,Galló,0
715,Gammel,0
716,Gang,4
717,Garai,2
718,Garam,0
719,Garami,0
720,Garancsy,0
721,Garay,0
722,Gasparics,1
723,Gattein,0
724,Gavalya,0
725,Gavora,0
726,Gayer,9
727,Gazsi,0
728,Gaál,1
729,Gebhardt,3
730,Geböck,0
731,Gebök,0
732,Gebők,0
733,Gecső,0
734,Gedei,0
735,Geiger,118
736,Gelencsér,1
737,Gelléri,0
738,Gellért,0
739,Genersich,0
740,Gere,0
741,Gerencsér,0
742,Gerenday,0
743,Gerendi,0
744,Gergely,12
745,Gergelyi,0
746,Gerger,0
747,Gergye,1
748,Gerle,0
749,Gerlóczy,0
750,Gerrithon,0
751,Gerritsen,0
752,Geschader,1
753,Gescháder,1
754,Ginzery,0
755,Girch,1
756,Glasz,9
757,Glatz,4
758,Glosz,13
759,Glósz,13
760,Goczán,0
761,Goda,8
762,Godán,0
763,Gogolák,0
764,Goldberger,355
765,Goldner,74
766,Goldzieher,0
767,Gombkötő,1
768,Gonda,0
769,Gorecky,0
770,Goreczky,0
771,Goszleth,0
772,Gosztonyi,0
773,Gottlieb,177
774,Grabovszky,0
775,Grabowski,3
776,Grabowszki,0
777,Graf,17
778,Grecsák,0
779,Grecsó,0
780,Greisinger,4
781,Greizinger,0
782,Grigoli,0
783,Grigár,0
784,Grill,8
785,Grimm,2
786,Grolig,0
787,Grollg,0
788,Grosser,3
789,Grosz,632
790,Groszmann,153
791,Gruber,51
792,Gráf,17
793,Gróf,2
794,Grósz,632
795,Grünwald,205
796,Guckler,0
797,Gugán,1
798,Gulyás,8
799,Gutfreund,25
800,Guvelinger,0
801,Gyalog,0
802,Gyalokai,0
803,Gyapay,0
804,Gyenes,1
805,Gyenge,0
806,Gyomoréi,0
807,Gyulai,5
808,Gyurinovich,0
809,Gyurkovich,0
810,Gyurkovits,0
811,Gyurmann,0
812,Gyurmán,0
813,Gyurótsik,0
814,Gyökér,0
815,Gyömörey,0
816,Györffy,0
817,Gyürke,0
818,Győrffy,0
819,Győrfi,4
820,Győri,1
821,Győrök,0
822,Gábor,8
823,Gábriel,11
824,Gácsi,0
825,Gácsy,0
826,Gájer,3
827,Gál,3
828,Gárdonyi,0
829,Gárdos,0
830,Gártner,22
831,Gáspár,2
832,Gáspárdy,0
833,Göbel,4
834,Gödöllei,0
835,Gödöny,0
836,Gömöry,0
837,Gönczi,0
838,Göndöcs,0
839,Gúth,8
840,Günther,0
841,Gőbel,4
842,Haas,61
843,Haberern,0
844,Haberhauer,10
845,Hackermüller,0
846,Hadzsy,0
847,Haffner,4
848,Hagymássy,0
849,Hagyó,0
850,Hahnel,0
851,Haidekker,0
852,Hainiss,0
853,Haintz,3
854,Hajda,1
855,Hajdu,2
856,Hajdú,2
857,Hajnal,5
858,Hajnos,0
859,Hajnóczky,0
860,Hajós,0
861,Halabúk,0
862,Halbauer,3
863,Hallamásek,0
864,Hallamássek,0
865,Hallóssy,0
866,Halm,6
867,Halmai,0
868,Halmos,0
869,Halácsy,0
870,Halász,21
871,Hamar,2
872,Hammer,13
873,Hamvassy,0
874,Hamvasy,0
875,Hamza,3
876,Handler,50
877,Hantos,0
878,Hanusz,2
879,Hanuszek,2
880,Hanvai,0
881,Hanzély,2
882,Hanák,3
883,Haraszti,0
884,Harcz,0
885,Haris,1
886,Harmath,0
887,Harmos,0
888,Harrai,0
889,Harray,0
890,Harrer,0
891,Harsányi,0
892,Hart,7
893,Hartai,0
894,Harth,0
895,Hartmann,61
896,Harámi,0
897,Hasenfeld,10
898,Haslinger,4
899,Haszmann,0
900,Hatolkai,0
901,Hatolkay,0
902,Hatos,0
903,Hauschild,3
904,Hauszner,1
905,Havas,4
906,Havass,0
907,Hazafy,0
908,Hebelt,0
909,Hebentanz,0
910,Hefkó,0
911,Hegedűs,4
912,Hegyi,0
913,Hegyváry,0
914,Heidler,0
915,Heinzman,0
916,Heisler,51
917,Helfenberger,0
918,Hellmer,0
919,Hellmich,0
920,Helmschmidt,0
921,Heltai,0
922,Helvey,0
923,Hembach,1
924,Henszelman,0
925,Henszelmann,0
926,Herczeg,2
927,Herczel,1
928,Herein,0
929,Herkner,0
930,Hermann,75
931,Hermán,28
932,Herok,0
933,Herold,2
934,Herpka,0
935,Hertelendi,0
936,Hertelendy,0
937,Hertendi,0
938,Hertendy,0
939,Hertli,0
940,Hessky,0
941,Hetessy,0
942,Hettyey,0
943,Hetényi,0
944,Heuffel,1
945,Heuman,2
946,Heumann,7
947,Heves,0
948,Hevesi,3
949,Heyl,0
950,Hidassy,0
951,Hieronymi,0
952,Hiesz,4
953,Hilbert,2
954,Hiller,5
955,Hincz,0
956,Hinterschek,4
957,Hirsch,262
958,Hirschler,127
959,Hittner,0
960,Hlatky,0
961,Hlavkay,0
962,Hochbaum,2
963,Hochhalt,0
964,Hochholczer,0
965,Hock,14
966,Hockl,0
967,Hofbauer,28
968,Hoffer,38
969,Hoffmann,139
970,Hofhauser,1
971,Hofher,0
972,Hofmann,5
973,Hofner,0
974,Holba,0
975,Holl,0
976,Hollentoner,0
977,Holló,0
978,Hollós,0
979,Holtzspach,0
980,Holub,8
981,Homoky,0
982,Homonnay,0
983,Honffy,0
984,Honig,42
985,Honyek,4
986,Hornok,3
987,Hornyok,0
988,Hornyák,63
989,Horony,0
990,Horpáczky,0
991,Horti,0
992,Hortobágyi,0
993,Horvatics,0
994,Horvát,1
995,Horváth,50
996,Horváthy,0
997,Horánszky,0
998,Hosszú,9
999,Houska,2
1000,Hoós,0
1001,Hruby,0
1002,Hubatsek,0
1003,Hubay,0
1004,Huber,39
1005,Hubert,19
1006,Huck,9
1007,Hudomel,0
1008,Hugyecz,26
1009,Hujber,0
1010,Hulényi,0
1011,Humayer,0
1012,Hunyadi,0
1013,Hunyady,0
1014,Huschek,0
1015,Huschek-Blaha,0
1016,Huszár,0
1017,Hyross,0
1018,Hálák,0
1019,Hámory,0
1020,Hándler,50
1021,Hányi,0
1022,Háringáts,0
1023,Háry,0
1024,Hátas,0
1025,Házas,0
1026,Héjj,0
1027,Hódy,0
1028,Hóiba,0
1029,Höfle,0
1030,Hölle,0
1031,Hörcher,0
1032,Hörk,0
1033,Hübner,2
1034,Hügel,1
1035,Hültl,0
1036,Hümpfner,0
1037,Hőfle,0
1038,Hőnig,11
1039,Hős,0
1040,Igali,9
1041,Igaly,0
1042,Ihász,0
1043,Ilkey,0
1044,Illyefalvi,0
1045,Illés,7
1046,Illési,0
1047,Ilsemann,0
1048,Imhof,6
1049,Incze,0
1050,Ipoly,0
1051,Irsai,0
1052,Irányi,0
1053,Ispán,0
1054,Isskruljev,0
1055,István,1
1056,Iszer,0
1057,Isépy,0
1058,Ivnoll,0
1059,Iváncsó,0
1060,Ivánfi,0
1061,Ivánka,0
1062,Ivánszky,0
1063,Izsó,0
1064,Jablonszky,1
1065,Jaczó,1
1066,Jagasich,0
1067,Jagicza,6
1068,Jakab,17
1069,Jakoby,0
1070,Jakopovits,0
1071,Jakubecz,11
1072,Jaminsky,0
1073,Jaminszky,0
1074,Jancsovits,0
1075,Jancsó,7
1076,Janda,5
1077,Janek,0
1078,Janics,7
1079,Janicsek,2
1080,Jankovich,2
1081,Jankovits,5
1082,Jankó,2
1083,Janny,0
1084,Janovics,20
1085,Janovits,2
1086,Jantsovits,0
1087,Jaros,1
1088,Jarosch,2
1089,Jarács,0
1090,Jauernik,0
1091,Jehring,0
1092,Jelenek,2
1093,Jellenek,0
1094,Jeney,0
1095,Jeny,0
1096,Jordán,3
1097,Josvay,0
1098,Joó,3
1099,Joós,0
1100,Juhász,9
1101,Junger,3
1102,Jurenák,0
1103,Juventius,0
1104,Jáger,26
1105,Jákobi,9
1106,Jákubecz,11
1107,Jámbor,7
1108,Járdek,0
1109,Járitz,0
1110,Jármay,0
1111,Járó,0
1112,Jászai,0
1113,Jászffy,0
1114,Jászfy,0
1115,Jécsy,0
1116,Jékly,0
1117,Jósa,0
1118,Jósvay,0
1119,Józan,0
1120,Józsa,6
1121,K,0
1122,K.,0
1123,Kabarcz,0
1124,Kabdebó,7
1125,Kacskovics,1
1126,Kacsur,0
1127,Kacsóh,0
1128,Kacziány,4
1129,Kada,0
1130,Kadenszki,0
1131,Kaiser,68
1132,Kajlinger,0
1133,Kallaus,0
1134,Kallós,0
1135,Kalmár,3
1136,Kamocsay,0
1137,Kamrás,0
1138,Kapcza,1
1139,Kapeller,1
1140,Kapy,0
1141,Karaffa,0
1142,Karalyos,0
1143,Karaszek,1
1144,Karczag,0
1145,Kardon,0
1146,Kardos,15
1147,Kares,0
1148,Karg,1
1149,Karkas,0
1150,Karlovitz,0
1151,Karner,6
1152,Karsay,0
1153,Karányi,0
1154,Karés,0
1155,Kasenczky,0
1156,Kaszper,0
1157,Kaszás,2
1158,Katinszky,0
1159,Katona,12
1160,Kattausch,3
1161,Katzer,7
1162,Kaufmann,196
1163,Kauser,0
1164,Kavanda,0
1165,Kazacsay,0
1166,Kazimir,9
1167,Kazinczy,0
1168,Kazár,0
1169,Kaál,0
1170,Kecskeméthy,0
1171,Kecskeméti,0
1172,Kecskés,10
1173,Keil,1
1174,Kelecsényi,0
1175,Kelemen,0
1176,Keleti,1
1177,Kellel*,0
1178,Keller,64
1179,Kellner,74
1180,Kelndorfer,0
1181,Kelner,14
1182,Kempelen,0
1183,Kemény,3
1184,Kende,0
1185,Kenesei,0
1186,Kerecsényi,0
1187,Keresztes,3
1188,Keresztury,0
1189,Keresztúri,0
1190,Kernács,0
1191,Kerstner,0
1192,Kertész,0
1193,Kerék,2
1194,Kerékgyártó,0
1195,Kerényi,0
1196,Keserű,1
1197,Keszler,19
1198,Kiliti,0
1199,Kilius,0
1200,Kimig,0
1201,Kinczly,0
1202,Kintzly,0
1203,Kirch,0
1204,Kirchknopf,3
1205,Kirchner,7
1206,Kiripolszky,0
1207,Kirner,5
1208,Kirtzan,0
1209,Király,5
1210,Kis,26
1211,Kis-Erős,0
1212,Kis-Szölgyémi,0
1213,Kiss,18
1214,Kisujfalusi,0
1215,Kiszela,2
1216,Kiticsán,0
1217,Kizdián,0
1218,Kiébert,0
1219,Klapper,0
1220,Klaudy,0
1221,Klausz,5
1222,Kleeberg,0
1223,Klein,2756
1224,Kleisz,0
1225,Klemens,0
1226,Klement,2
1227,Klemm,9
1228,Klenim,0
1229,Klenovits,0
1230,Kliburszky,0
1231,Kliczpera,0
1232,Klim,0
1233,Klimkó,1
1234,Klunzinger,0
1235,Klánik,2
1236,Klázer,0
1237,Kneisz,0
1238,Knoll,10
1239,Knotz,1
1240,Kobelrausch,9
1241,Kobler,0
1242,Kobor,1
1243,Koburger,0
1244,Koch,91
1245,Kocsis,13
1246,Kocsy,0
1247,Koffler,1
1248,Kohlert,0
1249,Kohlért,0
1250,Kohuth,0
1251,Kokesch,5
1252,Kolbányi,0
1253,Koller,24
1254,Kollmann,26
1255,Kollár,23
1256,Kolmann,9
1257,Kolompár,88
1258,Kolonics,1
1259,Kolonits,0
1260,Kolozsvári,0
1261,Kolpaszky,6
1262,Kolár,1
1263,Komjáti,0
1264,Komlódy,0
1265,Komlósi,0
1266,Komlóssy,0
1267,Komorovszky,0
1268,Komoróczy,0
1269,Komzsik,1
1270,Komáromi,1
1271,Komáromy,0
1272,Konecsni,7
1273,Kontsek,0
1274,Konyusik,0
1275,Kopcsányi,0
1276,Kopeczky,1
1277,Kopp,10
1278,Korb,10
1279,Koren,13
1280,Koritsánszky,0
1281,Korláth,0
1282,Kormonyák,0
1283,Kormoss,0
1284,Kornai,0
1285,Kornitzky,0
1286,Kornya,10
1287,Korona,0
1288,Koronthály,0
1289,Kortsák,1
1290,Korányi,1
1291,Korén,13
1292,Korény,5
1293,Koródy,0
1294,Koszorú,0
1295,Kosztolányi,0
1296,Kovaltsik,6
1297,Kovách,1
1298,Kovács,35
1299,Kovácsy,0
1300,Kováts,2
1301,Kozma,3
1302,Koznia,0
1303,Kozáky,0
1304,Kozáry,0
1305,Koós,0
1306,Kracker,0
1307,Krajcsics,0
1308,Kranitz,8
1309,Krazl,1
1310,Kreizler,5
1311,Kren,2
1312,Krepelka,3
1313,Krepuska,0
1314,Kreszula,0
1315,Kricsfalvi,0
1316,Kricsfalvy,0
1317,Kriegler,0
1318,Krisztinkovich,0
1319,Krompholcz,0
1320,Kroner,0
1321,Kronits,0
1322,Krupcsák,0
1323,Král,31
1324,Králik,6
1325,Králl,2
1326,Kránitz,8
1327,Krátky,9
1328,Kráuthl,0
1329,Krázl,1
1330,Krémer,16
1331,Krémmer,4
1332,Krénusz,0
1333,Krónits,0
1334,Kubinyi,0
1335,Kubinyák,0
1336,Kuchinka,1
1337,Kucsera,15
1338,Kuczkay,0
1339,Kugler,6
1340,Kuhar,8
1341,Kujarik,0
1342,Kulcsár,0
1343,Kuli,2
1344,Kulifay,0
1345,Kulik,15
1346,Kullmann,0
1347,Kun,8
1348,Kuna,10
1349,Kunszt,3
1350,Kurfürst,0
1351,Kurmann,0
1352,Kurtz,8
1353,Kurucz,3
1354,Kurzbacher,0
1355,Kustár,1
1356,Kusztos,1
1357,Kutassy,0
1358,Kutsera,5
1359,Kuzder,0
1360,Kuzmik,0
1361,Kuzsinszky,0
1362,Kvitskó,0
1363,Kácz,26
1364,Kádas,1
1365,Kájlinger,0
1366,Kákics,0
1367,Káldor,0
1368,Kálhok,0
1369,Kállai,0
1370,Kállay,0
1371,Kálmánczhelyi,0
1372,Kály,0
1373,Kánai,0
1374,Kántor,3
1375,Kárg,1
1376,Kárgli,0
1377,Kármán,1
1378,Károlyi,0
1379,Kárpáti,0
1380,Kégl,1
1381,Képiró,0
1382,Kéri,0
1383,Kési,0
1384,Késmárki,0
1385,Kíss,18
1386,Kóbor,1
1387,Kókai,0
1388,Kónya,0
1389,Kórody,0
1390,Kóródy,0
1391,Kóta,9
1392,Köberling,1
1393,Ködmencsi,0
1394,Kölber,0
1395,Köllő,0
1396,Kölüs,0
1397,Kömives,0
1398,Köncs,0
1399,König,71
1400,Könnye,0
1401,Könye,0
1402,Könyves,0
1403,Könyöki,0
1404,Körmendi,0
1405,Környei,0
1406,Körtvélyesi,0
1407,Körös,0
1408,Körösi,1
1409,Kötél,0
1410,Kövesi,0
1411,Kürschner,15
1412,Kürtös,0
1413,Kőhalmi,0
1414,Kőmives,0
1415,Kőműves,0
1416,Kőrösy,0
1417,Kőszegi,0
1418,Kővári,0
1419,LKovács,0
1420,Lacsny,0
1421,Lacuska,0
1422,Laczkovich,0
1423,Laczkó,1
1424,Laczó,1
1425,Ladányi,3
1426,Lahocsinszky,0
1427,Lajosfalvi,0
1428,Lakatos,2
1429,Lakits,1
1430,Lakner,11
1431,Lakos,0
1432,Laky,0
1433,Lamotte,0
1434,Lampert,5
1435,Lampl,9
1436,Langer,24
1437,Lantossy,0
1438,Lantosy,0
1439,Lappert,0
1440,Laskovics,0
1441,Laskovits,0
1442,Lassányi,0
1443,Laszip,0
1444,Latky,0
1445,Lau,0
1446,Lauber,6
1447,Lauer,7
1448,Laumann,0
1449,Lautner,0
1450,Lavotha,5
1451,Lavotta,0
1452,Layer,6
1453,Laza,1
1454,Lazmann,0
1455,Lebanovits,1
1456,Lebánovits,1
1457,Lechner,10
1458,Lederer,49
1459,Ledényi,0
1460,Leidenfrost,0
1461,Leipold,4
1462,Leitkam,0
1463,Lendvai,0
1464,Lendvay,0
1465,Lendér,0
1466,Lengyel,11
1467,Lenkei,0
1468,Lenkey,0
1469,Leszik,0
1470,Lexa,0
1471,Leár,0
1472,Liber,3
1473,Lichtmann,68
1474,Licskó,15
1475,Liebold,0
1476,Liftner,1
1477,Linczenpolcz,0
1478,Lindauer,0
1479,Lindenbach,0
1480,Lindenmayer,0
1481,Lindl,0
1482,Linhart,0
1483,Linzbauer,0
1484,Lipkay,0
1485,Lipovecz,0
1486,Lipovetz,0
1487,Liptay,0
1488,Lipthay,0
1489,Lipták,60
1490,Lipóczy,0
1491,Lipót,0
1492,Liskovetz,0
1493,Liskowetz,0
1494,Lissauer,5
1495,Liszkai,0
1496,Liszkay,0
1497,Lisznay,0
1498,Litauszky,0
1499,Lobmajer,0
1500,Lobmayer,1
1501,Lobniayer,0
1502,Lohr,1
1503,Lombay,0
1504,Losczák,0
1505,Lovas,1
1506,Lovasy,0
1507,Lovász,0
1508,Luboviensky,0
1509,Lubovienszky,0
1510,Ludmányi,0
1511,Ludvigh,0
1512,Ludvik,0
1513,Ludwig,1
1514,Ludwigh,0
1515,Lufcsik,0
1516,Luizer,0
1517,Luka,18
1518,Lukács,1
1519,Lukácsi,0
1520,Lukácsy,0
1521,Lung,3
1522,Luzsa,0
1523,Lyachovics,0
1524,Ládi,0
1525,Láng,48
1526,Lángos,0
1527,Lártg,0
1528,László,9
1529,Lázié,0
1530,Lázár,22
1531,Léczian,0
1532,Léczián,0
1533,Léman,0
1534,Lénárd,0
1535,Lénárt,3
1536,Léránt,0
1537,Lóránt,0
1538,Lökös,8
1539,Lörincz,4
1540,Löv,6
1541,Löwenstein,35
1542,Löwenstin,0
1543,Löwinger,300
1544,Lőbl,79
1545,Lőrincz,4
1546,Lőwenstein,35
1547,L’Auné,0
1548,Maass,0
1549,Machan,0
1550,Machay,0
1551,Machán,0
1552,Maczeovits,0
1553,Madary,0
1554,Madarász,0
1555,Madzsar,0
1556,Magdics,6
1557,Magyar,4
1558,Magyarevics,0
1559,Magyarevits,0
1560,Majer,64
1561,Major,2
1562,Majoros,4
1563,Majorossy,0
1564,Majthényi,0
1565,Makay,0
1566,Makó,0
1567,Malaky,0
1568,Malmos,0
1569,Manchen,0
1570,Mandel,131
1571,Mandák,0
1572,Manger,1
1573,Manzéger,0
1574,Marcsiny,0
1575,Marczinka,2
1576,Marczinkievicz,0
1577,Marenits,0
1578,Marics,1
1579,Marits,0
1580,Markovich,0
1581,Markovits,13
1582,Markusovszky,0
1583,Markó,21
1584,Marközy,0
1585,Marosfy,0
1586,Marosi,1
1587,Marossy,0
1588,Marschalko,5
1589,Marschner,1
1590,Marsovszky,0
1591,Martin,16
1592,Martinkovics,4
1593,Martinkó,6
1594,Martiny,0
1595,Marton,14
1596,Martos,0
1597,Masa,1
1598,Maschek,2
1599,Masek,2
1600,Matauschek,0
1601,Mathievics,0
1602,Mathievits,1
1603,Matlag,0
1604,Matolay,0
1605,Mattyasovszky,0
1606,Matusek,5
1607,Matuska,0
1608,Matzinger,0
1609,Maurer,23
1610,Max,2
1611,Maydánszky,0
1612,Mayer,193
1613,Maár,6
1614,Mechtler,0
1615,Medgyessy,0
1616,Medl,0
1617,Medve,36
1618,Medveczky,2
1619,Megele,0
1620,Megyery,0
1621,Meixner,0
1622,Melega,9
1623,Melegh,4
1624,Melha,0
1625,Melkó,0
1626,Melly,0
1627,Mellye,0
1628,Mellyes,0
1629,Menczlik,0
1630,Mergenthaler,0
1631,Mergenthaller,0
1632,Merkefka,0
1633,Merschitz,0
1634,Messik,1
1635,Meszlényi,0
1636,Metzger,15
1637,Meubauer,0
1638,Mezei,0
1639,Mezey,0
1640,Michál,0
1641,Mihalik,22
1642,Mihálovits,3
1643,Mihály,1
1644,Mihályfi,0
1645,Mihályfy,0
1646,Mihályik,1
1647,Mihálykovics,0
1648,Mikes,0
1649,Miklós,0
1650,Mikolay,0
1651,Miksits,0
1652,Mikóczi,0
1653,Milassin,0
1654,Mild,0
1655,Milei,0
1656,Miller,14
1657,Milus,0
1658,Minich,2
1659,Minárik,12
1660,Mirsch,0
1661,Miskay,0
1662,Miske,0
1663,Miskovics,0
1664,Miskó,3
1665,Modossy,0
1666,Modrovich,0
1667,Mohán,0
1668,Mohó,1
1669,Mojsisovics,3
1670,Moldován,76
1671,Molnár,25
1672,Monó,0
1673,Morbitzer,0
1674,Morelli,0
1675,Morengl,0
1676,Morent,0
1677,Morlin,0
1678,Mosch,0
1679,Mosdóssy,0
1680,Mosdósy,0
1681,Mossonyi,0
1682,Mottl,0
1683,Moór,5
1684,Muchmayer,0
1685,Muk,5
1686,Mukk,0
1687,Murányi,0
1688,Muskovics,0
1689,Muskovits,0
1690,Musza,0
1691,Mutzer,0
1692,Muzs,0
1693,Muzsik,7
1694,Muzsikó,0
1695,Mácsady,0
1696,Mándy,0
1697,Mánk,0
1698,Márffy,0
1699,Márher,0
1700,Márkly,0
1701,Márkus,5
1702,Márton,14
1703,Mártonffy,0
1704,Mártzig,0
1705,Máthé,1
1706,Mátlié,0
1707,Máté,1
1708,Mátéfy,0
1709,Mátékovics,0
1710,Méro,0
1711,Mérő,0
1712,Mészáros,7
1713,Móry,0
1714,Mósch,0
1715,Mózer,8
1716,Mühl,0
1717,Mühlrad,1
1718,Müllender,0
1719,Müller,267
1720,Mündl,0
1721,Münz,20
1722,Nagv,0
1723,Nagy,65
1724,Narancsik,1
1725,Narantsik,0
1726,Naszádi,0
1727,Navratil,22
1728,Nelhübel,0
1729,Nemesszeghy,0
1730,Nesztor,0
1731,Neu,39
1732,Neubauer,53
1733,Neuberg,0
1734,Neuhauser,9
1735,Neumann,514
1736,Nevelics,0
1737,Nevelits,0
1738,Ney,4
1739,Nicora,2
1740,Niederkirchner,12
1741,Niedzivulszky,0
1742,Niessner,0
1743,Niesz,1
1744,Nieszner,1
1745,Nikoletti,0
1746,Nirschy,0
1747,Nisponszky,0
1748,Nizsnánszky,1
1749,Noel,0
1750,Noszlopi,0
1751,Noszlopy,2
1752,Novak,59
1753,Novaky,0
1754,Novelly,0
1755,Novotni,7
1756,Novotny,41
1757,Novák,59
1758,Nováky,0
1759,Noé,1
1760,Noél,0
1761,Nyerges,0
1762,Nyiri,1
1763,Nyiry,0
1764,Nyirő,0
1765,Nyitrai,1
1766,Nyáry,0
1767,Nyéki,1
1768,Nád,0
1769,Nádas,0
1770,Nádaskay,0
1771,Nádory,0
1772,Nékám,0
1773,Német,10
1774,Németh,6
1775,Némethy,2
1776,Nők,0
1777,Oberle,0
1778,Obermayer,1
1779,Ocskay,0
1780,Odor,1
1781,Odry,0
1782,Ohler,0
1783,Ohlhauser,0
1784,Olicsek,0
1785,Oláh,13
1786,Onhaiser,0
1787,Onhauser,0
1788,Opitz,3
1789,Oppenheim,1
1790,Oravecz,16
1791,Orbanitz,0
1792,Orbán,8
1793,Orczy,0
1794,Orendács,0
1795,Orosz,3
1796,Oroszlán,0
1797,Ország,2
1798,Orágffy,0
1799,Osapay,0
1800,Ostián,0
1801,Ostyáni,0
1802,Osváth,1
1803,Oszlik,0
1804,Oszoli,0
1805,Osztermann,0
1806,Osztian,0
1807,Osztoits,0
1808,Ozorai,0
1809,Paczona,3
1810,Pados,0
1811,Pajor,3
1812,Pajzs,0
1813,Paksi,0
1814,Pallér,1
1815,Palotai,0
1816,Pandel,0
1817,Pandics,1
1818,Pandur,0
1819,Pandurovics,0
1820,Pandurovits,0
1821,Pandúr,0
1822,Pankuch,4
1823,Panovicz,0
1824,Panovitz,0
1825,Panyi,1
1826,Pap,5
1827,Papp,4
1828,Papperth,0
1829,Papperül,0
1830,Parsche,0
1831,Pascu,1
1832,Pataki,1
1833,Pató,0
1834,Pauer,18
1835,Paulay,0
1836,Paulikovics,3
1837,Paulikovits,0
1838,Paulovits,6
1839,Pauly,1
1840,Pavalacs,1
1841,Payer,9
1842,Payper,0
1843,Peckl,0
1844,Pecsics,0
1845,Pecsis,0
1846,Peinits,1
1847,Pek,0
1848,Pelczer,4
1849,Peller,9
1850,Perger,16
1851,Pertik,0
1852,Peschky,0
1853,Peskó,1
1854,Pesthy,0
1855,Pesti,0
1856,Petheő,0
1857,Petretz,0
1858,Petrik,10
1859,Petrovics,31
1860,Petrovits,11
1861,Petruska,25
1862,Petrás,13
1863,Petrássy,0
1864,Petrásy,0
1865,Petró,23
1866,Petróczy,0
1867,Pettykó,0
1868,Pettykő,0
1869,Petzrik,0
1870,Pető,1
1871,Pfeiffer,26
1872,Philipp,3
1873,Pichelmayer,2
1874,Pichler,12
1875,Piday,0
1876,Pigniczki,0
1877,Pikler,1
1878,Pikószky,0
1879,Piller,13
1880,Pillér,13
1881,Pinke,0
1882,Pinsker,2
1883,Pintér,1
1884,Piperkovics,0
1885,Piperkovits,0
1886,Pirger,1
1887,Piros,3
1888,Pirovits,2
1889,Pischoff,0
1890,Piszker,1
1891,Piszlinger,0
1892,Pitlik,11
1893,Placht,0
1894,Plachy,0
1895,Planer,0
1896,Platskó,2
1897,Platthy,0
1898,Plech,6
1899,Plichta,5
1900,Plininger,7
1901,Pluchár,0
1902,Pláner,0
1903,Pobuda,0
1904,Podluzsánszky,0
1905,Podmanitzky,0
1906,Pogány,0
1907,Pohl,6
1908,Pok,9
1909,Pokieser,0
1910,Pokieszer,0
1911,Pokomándy,0
1912,Pokorny,16
1913,Polereczky,0
1914,Poleretzky,0
1915,Polgár,0
1916,Pollermann,0
1917,Polányi,0
1918,Pongrácz,0
1919,Popelka,2
1920,Poppel,1
1921,Porpáczy,0
1922,Posgay,0
1923,Poszpischl,0
1924,Posztobányi,0
1925,Pottornyay,0
1926,Pozna,2
1927,Pozsgai,0
1928,Pozsgay,0
1929,Poór,0
1930,Prajmayer,0
1931,Prasszer,0
1932,Preisich,6
1933,Preisz,26
1934,Preuszner,0
1935,Pribil,1
1936,Pribék,8
1937,Prickelmayer,0
1938,Prikelmayer,0
1939,Prikk,0
1940,Pritz,0
1941,Prochnov,0
1942,Prohászka,44
1943,Prokesch,0
1944,Prokopp,0
1945,Protzer,0
1946,Prónay,0
1947,Pröckl,0
1948,Prückler,1
1949,Puchwald,0
1950,Pukkel,1
1951,Pulay,0
1952,Puntigám,0
1953,Purebl,0
1954,Purjesz,1
1955,Purtzl,0
1956,Putz,29
1957,Pádár,0
1958,Páhn,0
1959,Pákay,0
1960,Pákh,0
1961,Pál,1
1962,Pálffy,0
1963,Pálfi,0
1964,Pálföldy,0
1965,Pálka,0
1966,Pálmay,0
1967,Pálmán,2
1968,Pálos,0
1969,Pálovics,9
1970,Pálya,0
1971,Pápa,7
1972,Pápai,0
1973,Pápay,0
1974,Pártzer,0
1975,Pártényi,0
1976,Pásztory,0
1977,Pátkai,0
1978,Pázmán,0
1979,Péchy,0
1980,Pécsei,0
1981,Pédery,0
1982,Pék,0
1983,Pékli,0
1984,Pénzes,0
1985,Péter,8
1986,Pócza,0
1987,Póhl,6
1988,Pólencz,0
1989,Pólya,1
1990,Pólyák,9
1991,Pózna,2
1992,Pózner,1
1993,Pöcze,8
1994,Pörje,0
1995,Púk,3
1996,Pőcze,8
1997,Pőzel,0
1998,Quaiszer,1
1999,Quancz,6
2000,Rabsch,0
2001,Radics,5
2002,Radnai,0
2003,Radványi,0
2004,Radó,1
2005,Ragályi,0
2006,Raisz,3
2007,Rajháti,0
2008,Rajháty,0
2009,Rajtuk,0
2010,Raksányi,0
2011,Rakusz,0
2012,Ramascder,0
2013,Ramaseder,0
2014,Ramaszéder,0
2015,Ramhab,1
2016,Rasovszki,1
2017,Rasovszky,0
2018,Ratkovszky,0
2019,Rausz,5
2020,Raáb,11
2021,Redl,11
2022,Rehák,8
2023,Reichardt,9
2024,Reichel,18
2025,Reichl,10
2026,Reinboth,0
2027,Reinbotli,0
2028,Reiner,49
2029,Reinhardt,10
2030,Reintz,0
2031,Reisz,145
2032,Reisz-Guttay,0
2033,Reiszberger,0
2034,Reiter,10
2035,Reitszam,0
2036,Reitter,2
2037,Reitzer,5
2038,Remete,0
2039,Reminiczky,0
2040,Renkei,0
2041,Renn,1
2042,Richnavszky,0
2043,Richnovszky,0
2044,Richter,87
2045,Riegler,7
2046,Rill,1
2047,Rimanóczy,0
2048,Rimár,0
2049,Ripka,0
2050,Rippert,0
2051,Riskó,2
2052,Risztics,6
2053,Ritoók,0
2054,Ritschel,8
2055,Ritschl,3
2056,Rodek,2
2057,Rogosits,0
2058,Rokken,0
2059,Rokonstein,3
2060,Rokszer,0
2061,Roller,9
2062,Rominsky,0
2063,Rominszki,0
2064,Romsits,1
2065,Romy,0
2066,Ronchi,0
2067,Rosenberger,124
2068,Rosenfeld,628
2069,Rosmanith,0
2070,Ross,1
2071,Rosskopf,2
2072,Rost,0
2073,Rosta,1
2074,Rostagni,0
2075,Roth,610
2076,Rotter,25
2077,Rottmayer,1
2078,Rozant,0
2079,Rozgonyi,0
2080,Rozmanith,0
2081,Rozsa,3
2082,Rozsnyó,0
2083,Rozsonics,0
2084,Rozsovits,0
2085,Rozsár,0
2086,Roósz,1
2087,Roóz,2
2088,Rubis,0
2089,Rumbach,0
2090,Rumbacli,0
2091,Rupp,0
2092,Ruppert,1
2093,Rupánovits,0
2094,Ruszék,0
2095,Ruthner,0
2096,Ruzsovits,0
2097,Rzepeczky,0
2098,Rába,0
2099,Rábai,0
2100,Rácz,12
2101,Rákosi,2
2102,Rákóczy,0
2103,Ránits,0
2104,Rátai,0
2105,Rátonyi,0
2106,Rátz,0
2107,Rátái,0
2108,Ré,0
2109,Récsei,1
2110,Rédi,0
2111,Rédl,11
2112,Régeni,0
2113,Régi,0
2114,Rényi,0
2115,Répa,4
2116,Rétesi,0
2117,Réthy,2
2118,Rétháti,0
2119,Rétyi,0
2120,Révai,0
2121,Révész,1
2122,Rézi,0
2123,Ríeger,1
2124,Róna,0
2125,Rónai,1
2126,Rónay,0
2127,Róth,610
2128,Rózant,0
2129,Rózay,0
2130,Rózsa,3
2131,Rózsai,0
2132,Rózsavölgyi,0
2133,Rózsás,0
2134,Rüll,0
2135,Rőhri,0
2136,Rőzsényi,0
2137,Safranek,2
2138,Sajó,0
2139,Salamon,26
2140,Salgó,1
2141,Saly,0
2142,Sarlós,0
2143,Sarudy,0
2144,Sass,0
2145,Sauerland,0
2146,Sauersitz,1
2147,Sax,17
2148,Saáry,0
2149,Saíranek,0
2150,Scerbovszky,0
2151,Schaffer,98
2152,Schaffhauser,3
2153,Schaffner,0
2154,Schara,0
2155,Schaschek,6
2156,Schauer,17
2157,Scheder,0
2158,Scheiber,80
2159,Scheiter,0
2160,Schenadek,0
2161,Scherbaum,7
2162,Schermann,1
2163,Schey,0
2164,Schiebe,0
2165,Schiebel,0
2166,Schill,1
2167,Schiller,16
2168,Schilling,2
2169,Schimert,0
2170,Schimkó,1
2171,Schindelmann,0
2172,Schindler,31
2173,Schleitz,4
2174,Schlosser,13
2175,Schmaderer,0
2176,Schmelhegger,7
2177,Schmellhegger,0
2178,Schmelovszky,0
2179,Schmid,18
2180,Schmidl,6
2181,Schmidt,235
2182,Schmiedinger,0
2183,Schmiilt,0
2184,Schneller,15
2185,Schnierer,2
2186,Schober,1
2187,Schramek,2
2188,Schreiber,65
2189,Schroll,0
2190,Schrott,2
2191,Schröder,0
2192,Schrőder,0
2193,Schubert,22
2194,Schuchtár,0
2195,Schuler,4
2196,Schuller,28
2197,Schusbeck,2
2198,Schwartz,507
2199,Schwarz,508
2200,Schwendtner,0
2201,Scháffer,98
2202,Schöberl,6
2203,Schödl,0
2204,Schön,151
2205,Schönberger,125
2206,Schönhein,0
2207,Schöpflin,1
2208,Schülheck,1
2209,Schütz,23
2210,Schőberl,6
2211,Scserbovszky,0
2212,Sebeit,0
2213,Sebestyén,0
2214,Sebák,0
2215,Sebő,0
2216,Sebők,1
2217,Seeber,0
2218,Seemann,1
2219,Sehr,0
2220,Seide,4
2221,Sellei,0
2222,Selye,0
2223,Semsey,0
2224,Sepsi,0
2225,Seregi,0
2226,Seres,0
2227,Serly,0
2228,Sidó,14
2229,Sigl,0
2230,Sik,0
2231,Sikety,0
2232,Siklós,0
2233,Sikonya,0
2234,Sillye,0
2235,Simkó,2
2236,Simon,17
2237,Simonchich,0
2238,Simonffy,0
2239,Simonics,1
2240,Simonovits,3
2241,Simoray,0
2242,Simsa,0
2243,Sindelás,0
2244,Sindler,2
2245,Sipos,2
2246,Siposs,0
2247,Sipöcz,0
2248,Sipőcz,0
2249,Sipőtz,0
2250,Siráki,0
2251,Siráky,0
2252,Skhreiber,0
2253,Skriván,5
2254,Skultéti,1
2255,Slunka,0
2256,Smodics,0
2257,Softics,0
2258,Sohr,12
2259,Solty,0
2260,Somlyai,0
2261,Somló,0
2262,Somodi,1
2263,Somogyi,1
2264,Somorjai,0
2265,Sontagh,0
2266,Sorbán,3
2267,Soó,1
2268,Spannberger,0
2269,Spath,0
2270,Spielenberg,0
2271,Spilenberg,0
2272,Spillenberg,0
2273,Springmann,0
2274,Spánitz,3
2275,Spányi,0
2276,Spáth,0
2277,Stadler,42
2278,Stahl,29
2279,Stancz,1
2280,Stankovics,1
2281,Stankovits,7
2282,Stark,110
2283,Stefanovits,3
2284,Stefánovits,3
2285,Steger,3
2286,Stein,168
2287,Steindl,11
2288,Stephani,1
2289,Stephány,0
2290,Stepánek,1
2291,Stern,1307
2292,Stettler,2
2293,Stettner,7
2294,Stichleutner,0
2295,Stifter,1
2296,Stilfried,0
2297,Stipanics,6
2298,Stipics,0
2299,Stoffer,1
2300,Stoflitz,0
2301,Stohansl,0
2302,Stojanovits,0
2303,Stokovszky,0
2304,Stolnicki,0
2305,Stomm,0
2306,Strecke,0
2307,Strempel,0
2308,Streér,5
2309,Strigentz,0
2310,Strobel,2
2311,Strobl,2
2312,Stréer,5
2313,Stróbl,2
2314,Strósz,4
2315,Ströszner,0
2316,Stuchlich,0
2317,Stuchlicli,0
2318,Stuhl,5
2319,Sturza,1
2320,Stáhly,0
2321,Stéger,3
2322,Stéli,0
2323,Stühmer,0
2324,Subsilvány,0
2325,Sugár,0
2326,Sukola,0
2327,Sultisz,0
2328,Sulyok,1
2329,Sumanovácz,0
2330,Supka,0
2331,Svetschin,0
2332,Svéda,0
2333,Swoboda,1
2334,SzHorváth,0
2335,Szabacsek,0
2336,Szabadi,0
2337,Szabady,0
2338,Szabiár,0
2339,Szabó,27
2340,Szabóky,0
2341,Szadai,0
2342,Szaday,0
2343,Szadovszky,0
2344,Szaiff,4
2345,Szajbely,0
2346,Szakacsics,0
2347,Szakmány,0
2348,Szakács,6
2349,Szakái,0
2350,Szakál,0
2351,Szalai,2
2352,Szalay,1
2353,Szalmási,0
2354,Szalmássy,0
2355,Szalmásy,0
2356,Szalontay,0
2357,Szalonás,0
2358,Szaniszló,1
2359,Szaszovszky,0
2360,Szecsei,0
2361,Szedlacsek,27
2362,Szedlácskó,2
2363,Szedmáky,0
2364,Szegő,2
2365,Szehrlaut,0
2366,Szeiff,0
2367,Szeitz,5
2368,Szekeres,0
2369,Szekér,0
2370,Szelecsényi,0
2371,Szeles,1
2372,Szelmayer,0
2373,Szemenyei,0
2374,Szemenyey,0
2375,Szemere,0
2376,Szemerédy,0
2377,Szemes,2
2378,Szemethi,0
2379,Szemethy,0
2380,Szemián,1
2381,Szemler,1
2382,Szende,1
2383,Szendi,0
2384,Szendy,0
2385,Szenessy,0
2386,Szeniczey,0
2387,Szenkovich,0
2388,Szenkovits,0
2389,Szente,4
2390,Szentes,0
2391,Szentesi,0
2392,Szentessy,0
2393,Szentgyörgyi,1
2394,Szentiványi,0
2395,Szentkeresztfi,0
2396,Szentkirályi,0
2397,Szentléleki,0
2398,Szentmártonyi,0
2399,Szentpéteri,1
2400,Szentpétery,0
2401,Szepessy,1
2402,Szer,0
2403,Szerafusz,0
2404,Szerb,0
2405,Szerdahelyi,0
2406,Szerezla,0
2407,Szervisz,2
2408,Szervó,0
2409,Szidon,1
2410,Szigethy,0
2411,Szigeti,1
2412,Szigriszt,3
2413,Sziklai,0
2414,Szilberleitner,0
2415,Szilvássy,0
2416,Szilvásy,0
2417,Szily,1
2418,Sziládi,0
2419,Szilágyi,8
2420,Szimély,0
2421,Szintai,0
2422,Szinte,0
2423,Szirmai,0
2424,Szirmay,0
2425,Szivitál,0
2426,Szivós,1
2427,Szkalka,5
2428,Szlatiny,0
2429,Szlavnits,1
2430,Szlobodnik,2
2431,Szlovák,11
2432,Szmodics,0
2433,Szmodits,0
2434,Szmrekovszky,1
2435,Szoboczky,0
2436,Szokol,0
2437,Szokola,0
2438,Szokolay,0
2439,Szokolik,1
2440,Szombathely,0
2441,Szombathelyi,0
2442,Szombathy,0
2443,Szomor,0
2444,Szondy,0
2445,Szontagh,0
2446,Szováthy,0
2447,Szoyka,0
2448,Sztahora,0
2449,Sztankovits,0
2450,Sztarik,0
2451,Sztarill,14
2452,Sztraka,29
2453,Sztrenyák,0
2454,Szubotics,0
2455,Szuhaj,0
2456,Szuhay,0
2457,Szultos,0
2458,Szurmák,0
2459,Szvoboda,21
2460,Szájbély,0
2461,Szántay,0
2462,Szánthó,1
2463,Szántó,1
2464,Száraz,1
2465,Szász,5
2466,Száva,0
2467,Szécsenyi,0
2468,Szécsi,3
2469,Szécsy,0
2470,Szécsényi,0
2471,Székely,1
2472,Székács,0
2473,Széles,1
2474,Széll,1
2475,Szép,0
2476,Szíics,0
2477,Szíjgyártó,1
2478,Szíjjártó,1
2479,Színák,0
2480,Szívós,1
2481,Szóka,0
2482,Szöllösy,0
2483,Szöllősi,1
2484,Szöts,0
2485,Szücs,10
2486,Szüllő,0
2487,Szüsz,16
2488,Szőgyi,0
2489,Szőke,0
2490,Szőllősi,1
2491,Szőllősy,0
2492,Szőnyi,4
2493,Szőts,0
2494,Szűcs,10
2495,Sábián,0
2496,Sáfár,0
2497,Sáfáry,0
2498,Sághy,0
2499,Sági,4
2500,Ságody,0
2501,Sámson,1
2502,Sándor,4
2503,Sánta,4
2504,Sántha,0
2505,Sári,11
2506,Sárközy,0
2507,Sárossy,0
2508,Sárváry,0
2509,Sényi,0
2510,Sík,0
2511,Sípos,2
2512,Sóos,1
2513,Sördén,0
2514,Sötér,0
2515,Söveggyártó,0
2516,Sümeghy,0
2517,Sőtér,0
2518,Tabajdi,0
2519,Tabajdy,0
2520,Tajthy,0
2521,Takács,6
2522,Takáts,0
2523,Tallum,0
2524,Tamasek,0
2525,Tamási,1
2526,Tamáskovich,0
2527,Tamáskovits,0
2528,Tamásy,0
2529,Tanos,0
2530,Tar,3
2531,Tarnóczy,0
2532,Tary,0
2533,Tassi,0
2534,Tatai,0
2535,Tatár,2
2536,Tauschler,0
2537,Tauszk,4
2538,Teasdale,0
2539,Tegzes,0
2540,Telegdy,0
2541,Teleky,0
2542,Tencz,0
2543,Tenk,1
2544,Tenke,0
2545,Teplitzky,0
2546,Terletter,0
2547,Tertsch,0
2548,Terényi,0
2549,Thain,2
2550,Theil,8
2551,Theodorovits,1
2552,Thierry,0
2553,Thirring,0
2554,Thomka,0
2555,Thury,0
2556,Tibiassi,0
2557,Tibiássi,0
2558,Tichler,0
2559,Till,16
2560,Timár,1
2561,Tippner,0
2562,Tiringer,3
2563,Tirschl,0
2564,Titzer,6
2565,Tkálcsics,0
2566,Toborffy,0
2567,Tokody,0
2568,Toldi,0
2569,Toldy,0
2570,Tolnai,0
2571,Tolnay,0
2572,Tomanó,0
2573,Tomor,0
2574,Tompa,0
2575,Tompó,0
2576,Toperczer,2
2577,Toporai,0
2578,Toporczi,0
2579,Tordai,0
2580,Torday,0
2581,Tordy,6
2582,Torgyik,0
2583,Torma,5
2584,Torna,0
2585,Tornyos,0
2586,Totth,0
2587,Trapp,0
2588,Trautmann,1
2589,Trenkó,1
2590,Trenyák,0
2591,Trágy,0
2592,Trágyi,0
2593,Tröster,0
2594,Tuboly,0
2595,Tujner,8
2596,Tunyogi,0
2597,Tupicza,1
2598,Turchányi,0
2599,Turcsányi,0
2600,Turányi,0
2601,Tábory,0
2602,Tájber,0
2603,Tálassy,0
2604,Téglás,0
2605,Tézli,0
2606,Tóth,53
2607,Tóthfalussy,0
2608,Tótth,0
2609,Töreky,0
2610,Törnek,0
2611,Török,14
2612,Törő,0
2613,Tövis,0
2614,Tüttő,0
2615,Tőkés,0
2616,Tőkési,0
2617,Ubrik,0
2618,Udvardy,0
2619,Udvary,0
2620,Uhman,0
2621,Uhmann,0
2622,Uiás,0
2623,Ujbányi,0
2624,Ujfalvi,0
2625,Ullerich,0
2626,Ullmann,11
2627,Ulrik,0
2628,Undi,0
2629,Unger,38
2630,Unterberg,1
2631,Unyi,0
2632,Uray,0
2633,Urbanovics,0
2634,Urbán,15
2635,Urik,0
2636,Urs,0
2637,Ursics,0
2638,Utry,0
2639,Uzsák,0
2640,Vadas,1
2641,Vadkerti,0
2642,Vadkerty,0
2643,Vadon,0
2644,Vadász,0
2645,Vagyák,0
2646,Vajda,1
2647,Vajdafy,0
2648,Vajna,0
2649,Vakarcs,2
2650,Valentini,0
2651,Valovits,0
2652,Valpatits,0
2653,Valter,5
2654,Valtinyi,0
2655,Való,0
2656,Vancsura,4
2657,Vanger,0
2658,Vaniss,0
2659,Vankovics,0
2660,Varga,39
2661,Vargha,0
2662,Varjas,0
2663,Varjú,6
2664,Varró,0
2665,Varsányi,0
2666,Vas,1
2667,Vaskó,0
2668,Vass,2
2669,Vastag,0
2670,Vasvári,0
2671,Vasyilievits,0
2672,Vaszary,0
2673,Vaszilievits,0
2674,Vaszy,0
2675,Vatai,2
2676,Vati,0
2677,Vavró,8
2678,Vecsei,0
2679,Vecsey,0
2680,Vellay,0
2681,Venczell,0
2682,Vendéghegyi,0
2683,Veres,13
2684,Veress,0
2685,Vermes,0
2686,Vesetcky,0
2687,Vesetzky,0
2688,Veszély,4
2689,Vető,0
2690,Vezdin,0
2691,Vezér,0
2692,Viasz,0
2693,Viczko,2
2694,Vida,1
2695,Vidos,0
2696,Vidéky,0
2697,Viertl,9
2698,Vigadi,0
2699,Vihar,0
2700,Villoi,0
2701,Villói,0
2702,Világhy,0
2703,Vimental,0
2704,Vimmer,4
2705,Vincze,2
2706,Viola,1
2707,Virnhardt,0
2708,Virnhart,1
2709,Virág,0
2710,Virágh,0
2711,Visnya,0
2712,Visontai,0
2713,Viszt,0
2714,Vita,1
2715,Vizer,5
2716,Vizi,5
2717,Vojcsik,0
2718,Vojtek,20
2719,Vollmann,0
2720,Vonyek,0
2721,Vosits,0
2722,Vragassy,0
2723,Vrasich,0
2724,Vukassinovits,0
2725,Váczi,0
2726,Váczy,0
2727,Vági,0
2728,Vágó,0
2729,Váli,0
2730,Vámos,0
2731,Ványai,0
2732,Ványi,0
2733,Váradi,0
2734,Várady,0
2735,Váradyné,0
2736,Várkonyi,0
2737,Váry,0
2738,Vázsonyi,0
2739,Vécsei,0
2740,Vécsey,0
2741,Vég,1
2742,Végh,0
2743,Vékony,1
2744,Véssei,0
2745,Vétek,1
2746,Vörös,0
2747,Wabrosch,0
2748,Waginger,1
2749,Wagner,89
2750,Wahrmann,1
2751,Waldinger,0
2752,Walter,17
2753,Walthern,0
2754,Waltz,1
2755,Wancsek,0
2756,Wanke,0
2757,Warga,0
2758,Watzek,7
2759,Watzke,0
2760,Wawra,0
2761,Weber,54
2762,Wehner,0
2763,Wehrmann,0
2764,Weichhardt,0
2765,Weichhart,0
2766,Weidinger,7
2767,Weiland,5
2768,Wein,2
2769,Weinber,3
2770,Weinek,0
2771,Weiner,152
2772,Weinszeisz,0
2773,Weinzierl,1
2774,Weisinger,1
2775,Weisz,3605
2776,Wenczl,0
2777,Wendel,0
2778,Wenger,1
2779,Wenhardt,0
2780,Weninger,14
2781,Wenzl,0
2782,Wermer,0
2783,Werner,22
2784,Wester,0
2785,Wesztermayer,1
2786,Wiesner,6
2787,Wigh,0
2788,Wild,6
2789,Wildner,0
2790,Wilheim,33
2791,Willig,0
2792,Wimental,0
2793,Wimmer,7
2794,Windhager,0
2795,Windisch,7
2796,Winhart,0
2797,Winkler,38
2798,Winter,50
2799,Wintner,0
2800,Wippler,2
2801,Wirnhardt,0
2802,Wiskonsky,0
2803,Wiskousky,0
2804,Wiszt,0
2805,Witkovszky,0
2806,Wittenbarth,0
2807,Wittinger,6
2808,Wittkovszky,0
2809,Wittmann,27
2810,Wohl,26
2811,Wojtek,1
2812,Wolf,170
2813,Wolffarl,0
2814,Wolffart,0
2815,Wolfner,2
2816,Wolfram,0
2817,Wossala,0
2818,Wuch,0
2819,Wukassinovits,0
2820,Wurmb,1
2821,Wurmb.,0
2822,Wéber,54
2823,Wénesz,0
2824,Zabutsek,0
2825,Zachar,7
2826,Zachariás,6
2827,Zacharovits,2
2828,Zachár,7
2829,Zacska,0
2830,Zahler,3
2831,Zaitz,0
2832,Zajti,0
2833,Zandler,0
2834,Zaratin,0
2835,Zatopek,0
2836,Zboray,0
2837,Zeibig,0
2838,Zeiger,0
2839,Zeleny,1
2840,Zemán,4
2841,Ziegler,15
2842,Zielbauer,0
2843,Zielinski,0
2844,Ziffer,3
2845,Zilahy,0
2846,Zimmer,16
2847,Zimmermann,18
2848,Zimniermann,0
2849,Zimányi,0
2850,Zlinszky,0
2851,Zmeskall,0
2852,Znavovits,0
2853,Zofáhl,0
2854,Zoltán,0
2855,Zombory,0
2856,Zoványi,0
2857,Zsemlye,3
2858,Zsigmond,3
2859,Zsillé,0
2860,Zsinkó,2
2861,Zsitnyánszky,0
2862,Zsizsó,0
2863,Zsoldos,1
2864,Zsolnai,0
2865,Zsámboki,0
2866,Zuna,0
2867,Zurányi,0
2868,Zuzánszky,0
2869,Záborszky,3
2870,Záhorszky,1
2871,Zák,7
2872,Zámbó,5
2873,Zányi,0
2874,Závodszky,9
2875,Závonyi,0
2876,Zöldváry,0
2877,Prihoda,3
2878,Prihoda,3
2879,lllyefalvi,0
2880,pandurovits,0
2881,pán,1
2882,Adamek,7
2883,Ábrahám,44
2884,Ábrányi,0
2885,Ács,1
2886,Ádám,13
2887,Ádámy,0
2888,Ágoston,0
2889,Ágotay,0
2890,Állaga,0
2891,Ángyán,1
2892,Ányos,0
2893,Ári,0
2894,Árkay,0
2895,Árva,7
2896,Éberling,3
2897,Ébner,6
2898,Éder,6
2899,Édes,0
2900,Éles,0
2901,Éless,0
2902,Éliás,54
2903,Élő,0
2904,Érczhegyi,0
2905,Ész,0
2906,Évinger,1
2907,Ézsöl,0
2908,Író,0
2909,Ózdi,0
2910,Öhler,0
2911,Örsek,0
2912,Örsy,0
2913,Újhelyi,0
2914,Újvári,0
2915,Úrik,0
2916,ünger,0
2917,Őrsy,0
2918,Ősapay,0
