2815,Wolfner
1297,Kovách
1848,Pelczer
2109,Récsei
174,Bernáth
2292,Stettler
2646,Vajda
2630,Unterberg
yb19121569,Bunzlau
677,Funk
1789,Oppenheim
1877,Pikler
799,Gutfreund
1954,Purjesz
2087,Roóz
2537,Tauszk
285,Bródy
alm19071160,Gansl
1721,Münz
1992,Pózner
984,Honig
2468,Szécsi
857,Hajnal
1435,Lampl
2240,Simonovits
yb19121527,Goldfeld
2750,Wahrmann
765,Goldner
171,Bergsmann
324,Bárdi
2830,Zahler
717,Garai
yb1912957,Hirschel
2790,Wilheim
2267,Soó
2827,Zacharovits
yb1912958,Czukermann
442,Czitrom
926,Herczeg
yb19092435,Grauer
674,Fráter
yb19092288,Bojnitzer
51,Arányi
905,Havas
804,Gyenes
yb1909868,Tuchler
2186,Schober
2409,Szidon
yb19091103,Bergler
2218,Seemann
yb19091378,Glöckner
2020,Raáb
yb19097,Faszler
693,Förstner
alm1904172,Hönigsfeld
alm1907632,Lobstein
280,Brust
yb19092628,Weingarten
927,Herczel
1290,Korányi
yb19121630,Smilovitz
2140,Salgó
1717,Mühlrad
yb19122447,Szanditz
266,Braunstein
yb1912668,Kleinberger
625,Fenyves
yb1912470,Kurzmann
2258,Sohr
yb1912566,Schöpkesz
281,Bruszt
916,Heisler
yb19121986,Blitz
yb19091049,Hilf
286,Brück
yb19121999,Schulmann
yb1909180,Füchsl
yb19092190,Farbenblum
2778,Wenger
2070,Ross
1561,Major
839,Gúth
728,Gaál
alm19041112,Preszburger
yb19121286,Kirnig
2501,Sámson
574,Engelhardt
270,Brett
1494,Lissauer
yb19091244,Gelb
yb19122032,Rosenspitz
1610,Max
yb1909957,Trebitscher
yb1909413,Mailender
1187,Keresztes
yb1912481,Bászsz
2037,Reitzer
945,Heuman
yb1909257,Rozenberg
104,Barna
2706,Viola
2800,Wippler
yb1909966,Grossz
2041,Renn
2844,Ziffer
623,Felter
yb19123180,Mantág
1759,Noé
1,Abelsberg
1890,Piszker
alm1907877,Hausbrunner
1411,Kürschner
1543,Löwinger
yb19091252,Lövinger
yb1909766,Kesztenbaum
alm1904922,Rosenstein
yb1912698,Grossmann
yb19092025,Kohn
yb19121621,Eckstein
yb19092458,Löwy
127,Baumgarten
1473,Lichtmann
yb19091217,Grünfeld
668,Friedmann
yb19121441,Reismann
1363,Kácz
yb19121971,Goldstein
2291,Stern
yb1909955,Diamant
yb1912811,Feuerstein
yb19121005,Spitz
yb19121515,Rosenzweig
yb19092290,Policzer
yb1909124,Schlesinger
yb19091880,Guttmann
alm1907517,Sonnenfeld
yb1909205,Herzfeld
yb1909662,Singer
yb19091229,Spitzer
alm1907843,Fried
773,Gottlieb
2068,Rosenfeld
alm19071134,Feuer
272,Breuer
478,Deutsch
1570,Mandel
alm1904283,Hartenstein
yb19091102,Weiszfeld
yb19091197,Grünhut
1544,Lőbl
yb19121669,Waldner
yb19123238,Buchwald
764,Goldberger
yb1909313,Fischbein
yb19091200,Weinberger
572,Engel
2902,Éliás
alm19041056,Hajduska
2139,Salamon
2810,Wohl
yb1912391,Kron
yb19121323,Grün
yb19091842,Katz
yb190918,Schönfeld
yb19091465,Goldmann
yb1909968,Neufeld
2775,Weisz
790,Groszmann
2198,Schwartz
170,Berger
2286,Stein
2771,Weiner
yb19122801,Ungár
yb1912326,Oesterreicher
1458,Lederer
alm1907953,Langfelder
2067,Rosenberger
yb19121449,Lövenstein
yb19121076,Moskovitz
yb19092524,Schwarcz
1734,Neuhauser
2199,Schwarz
1223,Klein
yb1909506,Hirschl
alm1907258,Fleischmann
alm1907543,Tausz
795,Grünwald
alm19041088,Hamburger
794,Grósz
789,Grosz
yb19123265,Steinberger
2204,Schön
2184,Schneller
287,Brüll
yb19122337,Pollák
958,Hirschler
2028,Reiner
2293,Stettner
1971,Pápa
957,Hirsch
yb1909118,Veisz
yb19121964,Reich
yb1912312,Lichtenstein
1162,Kaufmann
644,Fleischer
265,Braun
660,Frankl
yb19091276,Steiner
2158,Scheiber
207,Blum
1540,Löv
2205,Schönberger
2075,Roth
2127,Róth
yb1909965,Gross
1546,Lőwenstein
1541,Löwenstein
yb19121733,Herz
alm1907562,Reiser
alm1904458,Hecht
1735,Neumann
514,Drechsler
yb19121995,Flesch
yb1912357,Salzer
yb19091956,Schvarcz
yb19121311,Krausz
972,Hofmann
yb19092282,Horovitz
1310,Kreizler
2282,Stark
yb19091228,Grüner
yb19091927,Zinger
735,Geiger
1731,Neu
yb19121609,Herczfeld
1181,Kelner
2188,Schreiber
1020,Hándler
876,Handler
yb1909880,Grünvald
1105,Jákobi
842,Haas
2704,Vimmer
alm190778,Fleisch
yb1909377,Grünn
277,Brucker
898,Haslinger
yb19091728,Bruckner
yb1912809,Gutman
yb19091195,Zwicker
555,Ehrlich
yb1912542,Hoffner
2076,Rotter
512,Drach
946,Heumann
968,Hoffer
2797,Winkler
656,Fraenkel
897,Hasenfeld
676,Fuchs
641,Fischer
1933,Preisz
2031,Reisz
1005,Hubert
2151,Schaffer
2201,Scháffer
yb1909474,Horovicz
575,Engler
616,Fehér
256,Boschán
1101,Junger
153,Benedek
2786,Wiesner
alm190749,Engelmann
yb19091179,Beck
2883,Ábrahám
657,Frank
1732,Neubauer
1179,Kellner
yb1909691,Kurcz
yb19123348,Strumpf
830,Gártner
299,Burger
2793,Wimmer
yb19091931,Schnitzer
350,Böhm
355,Bőhm
2172,Schindler
895,Hartmann
2798,Winter
1871,Pfeiffer
967,Hofbauer
yb19122226,Held
1797,Ország
yb19091929,Hauser
1738,Ney
2244,Sindler
2768,Wein
871,Hamar
yb1912706,Wachtel
793,Gróf
785,Grimm
2788,Wild
2364,Szegő
2180,Schmidl
yb19123063,Szommer
yb1909954,Zwirn
618,Fejes
yb19121837,Csora
alm1904723,Milhoffer
1882,Pinsker
yb1909121,Schlegel
2812,Wolf
yb19122622,Kirschner
1197,Keszler
yb19122856,Röszler
yb19121614,Bak
969,Hoffmann
1038,Hőnig
930,Hermann
alm190795,Winterstein
931,Hermán
1656,Miller
1436,Langer
125,Bauer
1131,Kaiser
yb1909134,Neuberger
1530,Lázár
1221,Klausz
yb19121939,Sommer
1560,Majer
1581,Markovits
1792,Orbán
791,Gruber
2809,Wittmann
2783,Werner
1719,Müller
1525,Láng
792,Gráf
777,Graf
53,Auer
1472,Liber
2841,Ziegler
119,Basch
alm1904739,Knecht
2059,Rokonstein
1261,Kolpaszky
1872,Philipp
1932,Preisich
2769,Weinber
1849,Peller
2193,Schubert
2629,Unger
2487,Szüsz
1956,Putz
1399,König
2044,Richter
1068,Jakab
2236,Simon
2766,Weidinger
1612,Mayer
41,Anton
2209,Schütz
1539,Lörincz
2502,Sándor
yb19092058,Stefka
2195,Schuler
313,Bálint
1545,Lőrincz
716,Gang
yb19091795,Ehrenteil
yb19121278,Brenner
2156,Schauer
872,Hammer
84,Balog
1256,Kolmann
611,Farkas
756,Glasz
1244,Koch
131,Becker
2761,Weber
2822,Wéber
1701,Márkus
2019,Rausz
2318,Stuhl
yb19092429,Kuncsik
671,Fritsch
1683,Moór
2034,Reiter
yb19092088,Ruff
yb19122713,Fink
126,Baumann
2167,Schiller
2431,Szlovák
1339,Kugler
620,Fekete
2847,Zimmermann
alm1904254,Kranz
1178,Keller
664,Frey
yb19091985,Schneider
yb19092559,Feichtmann
892,Hart
1107,Jámbor
1205,Kirchner
1447,Lauer
666,Fridrich
yb1909256,Szinger
1636,Metzger
alm1907586,Hechtl
yb19092075,Haskó
2677,Vavró
1326,Kránitz
yb19122883,Máder
yb1912495,Baumgartner
1308,Kranitz
669,Friedrich
1104,Jáger
1254,Kollmann
1517,Luka
alm1904606,Mráz
yb19092338,Tkács
2029,Reinhardt
1277,Kopp
yb19123127,Zsidó
yb19092176,Kocza
alm1904783,Lákner
yb1912607,Pfeffer
1430,Lakner
2021,Redl
2111,Rédl
1862,Petrás
2886,Ádám
2611,Török
yb19121018,Ludvig
2277,Stadler
2196,Schuller
yb19092274,Stefanovics
1591,Martin
2846,Zimmer
1330,Krémer
2147,Sax
1385,Kíss
2024,Reichel
1213,Kiss
1671,Molnár
1670,Moldován
yb19122688,Tischler
1257,Kolompár
1752,Novak
1757,Novák
2749,Wagner
2181,Schmidt
1298,Kovács
1004,Huber
1756,Novotny
338,Bém
1572,Manger
alm1907659,Amtmann
2857,Zsemlye
2022,Rehák
392,Csicsai
178,Berényi
yb19121197,Kilmayer
2459,Szvoboda
847,Haffner
yb19122432,Lesák
2597,Tupicza
yb19092250,Bánfus
32,Andor
1948,Prückler
328,Bárán
862,Halbauer
767,Gombkötő
1081,Jankovits
yb19092030,Filinescu
yb19123114,Finkmann
216,Boda
1606,Matusek
yb19091990,Herunter
yb19092568,Czopf
yb19123300,Czifrik
2748,Waginger
1702,Márton
761,Goda
1841,Payer
1226,Klement
112,Bartsch
726,Gayer
11,Agocs
234,Bolla
1705,Máthé
2137,Safranek
1392,Köberling
yb19091404,Ritterbacher
alm190436,Szallenback
1375,Kárg
307,Bába
yb19092121,Vlcsek
933,Herold
alm19071091,Ressel
yb19092264,Knöbl
823,Gábriel
65,Baintner
1429,Lakits
1343,Kuli
524,Dudás
473,Demkó
alm1904446,Führinger
2474,Széll
yb19092238,Sztakó
403,Csiszár
1538,Lökös
yb19091958,Krizsánovics
1840,Pavalacs
1048,Imhof
yb19121579,Sztiszkala
16,Albrecht
1613,Maár
yb19121328,Schöbinder
833,Göbel
yb19092493,Ginzer
88,Balás
204,Blaskó
903,Hauschild
2399,Szentpéteri
2412,Szigriszt
alm1904130,Spanraff
1270,Komáromi
2117,Réthy
820,Győri
yb19092311,Radvojevics
1926,Pozna
2473,Széles
yb19122794,Kupsza
807,Gyulai
yb19092268,Hoyer
1340,Kuhar
999,Houska
2462,Szánthó
736,Gelencsér
2290,Stepánek
1950,Pukkel
yb19121987,Joksmann
yb19092404,Zaletynik
yb1912736,Kratochvila
yb19092183,Salling
610,Farbinger
321,Bánó
140,Bekö
1528,László
1377,Kármán
2752,Walter
2683,Veres
yb19092415,Audics
881,Hanzély
2046,Rill
alm1904668,Krenácz
826,Gájer
yb1912660,Ehmann
2006,Raisz
1247,Koffler
2407,Szervisz
1125,Kacskovics
yb19122818,Huffgart
2767,Weiland
410,Csontos
yb19122345,Tkátsik
1160,Kattausch
yb1909174,Kmetykó
2896,Éberling
1040,Igali
2023,Reichardt
2344,Szaiff
1834,Pauer
1990,Pólyák
2235,Simkó
904,Hauszner
111,Bartos
2693,Viczko
yb19092247,Belgram
1836,Paulikovics
752,Geschader
944,Heuffel
31,Anderkó
1106,Jákubecz
2123,Ríeger
952,Hiesz
953,Hilbert
2173,Schleitz
695,Fülepp
956,Hinterschek
yb1909919,Gluszkievitz
759,Glósz
yb1912925,Dzurányi
yb19122868,Francz
1358,Kutsera
2754,Waltz
681,Fábián
yb1912659,Schweig
2860,Zsinkó
1838,Paulovits
1602,Mathievits
yb19091511,Buna
yb19091962,Hackstock
1380,Kégl
1353,Kurucz
2543,Tenk
1242,Kobor
13,Agócs
1258,Kolonics
114,Bartók
409,Csonka
2429,Szlavnits
1386,Kóbor
588,Erhardt
yb19091036,Polzberger
1795,Orosz
alm1907956,Mutzbauer
yb19092301,Drázsnyák
yb19121872,Kleinlein
552,Egri
879,Hanuszek
755,Girch
yb19121670,Lovovits
240,Bordás
222,Bodó
alm1907870,Kadenczki
yb19121539,Gecsó
alm1907857,Dleszk
2333,Swoboda
995,Horváth
yb1912480,Dvorzsák
2100,Rácz
101,Bari
998,Hosszú
yb19092327,Kukucska
1349,Kunszt
2382,Szende
1743,Niesz
alm1907573,Vince
yb1909491,Gradwahl
2559,Till
853,Haintz
619,Fejér
1886,Pirger
885,Haris
85,Balogh
252,Borsós
1920,Poppel
yb19123277,Negru
1336,Kuchinka
alm1907470,Kricsa
1033,Hübner
yb19123274,Csicsó
2452,Sztraka
1087,Jaros
2285,Steger
1329,Krázl
yb1909530,Pukli
2505,Sári
yb19091306,Demetrovics
yb19092553,Konecsny
2015,Ramhab
396,Csik
1586,Marosi
2464,Száraz
1151,Karner
1899,Plichta
1325,Králl
1176,Keleti
2389,Szente
alm19071028,Rusznák
yb19092310,Habakusz
52,Asztalos
315,Bán
2266,Sorbán
2535,Tatár
628,Ferencz
158,Benkó
yb19121285,Baksis
yb19121834,Benesovszky
yb19122367,Lojka
2130,Rózsa
581,Erdélyi
547,Eberling
2426,Szivós
2716,Vizi
alm190418,Hrabkovszky
1912,Pokorny
yb1909960,Schestauber
159,Benkő
2170,Schimkó
1643,Mihály
784,Grill
747,Gergye
2297,Stipanics
1879,Piller
102,Barina
1428,Lakatos
yb19121163,Schusbek
yb19122453,Mikolai
alm1904139,Kolczun
1207,Kirner
2877,Prihoda
yb19091242,Verner
1900,Plininger
yb19121313,Pospischil
yb19121923,Rambach
yb19122466,Kantsura
2274,Spánitz
2551,Theodorovits
yb19121452,Kropf
2288,Stephani
2174,Schlosser
1907,Pohl
1846,Peinits
1455,Lebanovits
yb19121649,Vaszil
1080,Jankovich
2314,Strósz
yb19092550,Heine
yb19092261,Vimalovszki
290,Bucsi
854,Hajda
2179,Schmid
yb19123313,Mikó
2417,Szily
875,Hamza
1765,Nyitrai
56,Axmann
yb19121785,Karmazsin
1788,Opitz
1831,Pascu
yb19121897,Kruze
2463,Szántó
1646,Mihályik
yb19121926,Gödölle
2530,Tar
2512,Sóos
1120,Józsa
1204,Kirchknopf
alm1904921,Tverdi
1707,Máté
yb19121135,Kirnlg
1456,Lebánovits
105,Barsi
yb19122461,Ruzsa
alm1907186,Proschinger
2511,Sípos
yb19122542,Szkruczany
yb19122924,Palásti
1598,Maschek
525,Duka
yb1912130,Kandler
244,Boros
1592,Martinkovics
1292,Korény
yb19122905,Stampf
yb19092109,Himpchmann
2262,Somodi
2718,Vojtek
497,Dobrovits
yb19092405,Klefaber
1452,Layer
2869,Záborszky
1289,Kortsák
2401,Szepessy
262,Boér
1092,Jelenek
1892,Pitlik
72,Bakay
yb19121822,Mihlrad
2885,Ács
147,Bencze
yb19122443,Flori
yb19092430,Habinstroh
yb19123268,Tringer
655,Forstner
yb1912472,Frasz
yb19121052,Prandtner
yb19123320,Stöckl
1355,Kustár
2503,Sánta
yb19123353,Nezezon
1850,Perger
yb1909585,Martinelli
yb19091923,Csernyánszky
1098,Joó
1356,Kusztos
yb19122986,Pikuj
yb1912538,Gasparik
1135,Kalmár
200,Blahó
1279,Koren
alm19041113,Wienhoffer
alm1904267,Leichtberg
300,Burián
yb19123118,Gajdos
444,Czvitkovics
yb19092410,Kohut
1276,Kopeczky
2485,Szücs
2439,Szokolik
yb19122504,Zleszich
1669,Mojsisovics
yb190992,Reissberger
1785,Oláh
498,Dobrovolszky
819,Győrfi
yb19122926,Huminik
2295,Stifter
483,Dienes
196,Bitter
2666,Vas
yb19123364,Kriger
239,Borbély
1084,Janovics
1408,Körösi
2863,Zsoldos
1740,Niederkirchner
alm19071174,Wurfer
2465,Szász
2656,Vancsura
2581,Tordy
2254,Skultéti
yb19092195,Szuszki
565,Emmerling
yb19092611,Csiba
yb19092296,Zuzanszki
441,Czimmermann
1583,Markó
1210,Kis
yb1912314,Ebner
2881,pán
797,Gugán
1161,Katzer
1775,Némethy
2287,Steindl
yb19092562,Vacha
1055,István
1595,Marton
2785,Wesztermayer
2319,Sturza
2828,Zachár
1513,Ludwig
2649,Vakarcs
1505,Lovas
1352,Kurtz
1345,Kulik
alm1907199,Losteiner
1331,Krémmer
1064,Jablonszky
2025,Reichl
1272,Konecsni
yb1912147,Hubacsek
yb19092286,Kovácsics
alm1907637,Poppovits
yb19091267,Weigand
1312,Krepelka
2606,Tóth
2367,Szeitz
2499,Sági
962,Hochbaum
2640,Vadas
1500,Lobmayer
2190,Schrott
yb19121339,Gavalja
1860,Petrovits
517,Dressler
1128,Kacziány
2774,Weisinger
284,Bráth
177,Beránek
1961,Pál
753,Gescháder
yb1909487,Spindler
alm19071098,Hrenszik
584,Erdős
yb19091804,Kolega
yb19121279,Goldburg
1474,Licskó
1065,Jaczó
450,Dancs
2101,Rákosi
2758,Watzek
yb19123361,Speier
1724,Narancsik
yb1909777,Bartl
yb19092242,Kesztner
2743,Vékony
1739,Nicora
yb19122358,Opic
yb19123346,Lakinger
711,Galambos
217,Bodnár
alm1904490,Saltzer
yb19092408,Schulteisz
2283,Stefanovits
yb19123094,Mura
76,Bakos
yb19123082,Ilia
994,Horvát
1255,Kollár
yb19092332,Heider
2871,Zák
445,Czvitkovits
yb1909577,Hrigyecz
2697,Viertl
1642,Mihálovits
2549,Thain
1173,Keil
yb19092601,Szmrekár
342,Bérényi
1589,Marschner
yb19121868,Viczing
2310,Strobel
1159,Katona
1391,Kóta
1461,Leipold
1311,Kren
2490,Szőllősi
1641,Mihalik
yb1909405,Rohaska
1659,Minárik
1296,Kovaltsik
2004,Radó
923,Hembach
67,Bajczár
yb19091546,Pacurar
831,Gáspár
613,Fazekas
1453,Laza
1045,Illés
487,Dittrich
2036,Reitter
151,Bene
701,Füstös
602,Fa
yb1909250,Mihalovics
1071,Jakubecz
980,Holub
yb19123233,Csicsay
2071,Rosskopf
yb1909906,Policsek
yb19123166,Stefán
2564,Titzer
yb1909901,Wirnhart
1989,Pólya
2705,Vincze
yb1909976,Czeripp
18,Alexa
yb19121545,Nadeniczek
1079,Janicsek
758,Glosz
yb19091206,Birtalan
115,Barát
2001,Radics
457,Darabos
645,Fliegl
1780,Odor
1146,Kardos
2202,Schöberl
2352,Szalay
2525,Tamási
yb19092024,Zörnör
1668,Mohó
146,Bencsik
2155,Schaschek
780,Greisinger
1269,Komzsik
yb19123266,Szproszty
344,Bíró
193,Bischoff
559,Elischer
2839,Zeleny
1942,Prohászka
62,Bagi
292,Budai
yb19091697,Curticapean
192,Bischof
yb19123182,Kovácsevits
yb19122469,Nemecz
515,Drencsik
1348,Kuna
yb19092401,Strobak
1883,Pintér
141,Bekő
638,Fiala
yb19092400,Wechermann
yb19121298,Bozsó
2715,Vizer
1100,Juhász
yb19121850,Hrabe
1748,Nizsnánszky
312,Báli
1466,Lengyel
1935,Pribil
yb19091684,Wenczel
405,Csizmadia
208,Blázsek
2081,Rozsa
377,Csefkó
2092,Ruppert
911,Hegedűs
757,Glatz
167,Beretics
yb19121554,Potaczek
2115,Répa
2086,Roósz
yb19121038,Schenkengei
2708,Virnhart
2471,Székely
alm1904186,Barschrott
2381,Szemler
1138,Kapcza
110,Bartek
yb19092377,Gubcsó Bugán
yb1912683,Planyitska
2312,Stréer
1556,Magdics
2811,Wojtek
1599,Masek
2176,Schmelhegger
2166,Schill
yb19122921,Figula
827,Gál
1874,Pichler
1817,Pandics
2064,Romsits
yb19091975,Schuszter
2562,Tiringer
1685,Muk
alm1904846,Besenbeck
1809,Paczona
2185,Schnierer
986,Hornok
yb19091011,Sonnleitner
1245,Kocsis
yb19091983,Ledermayer
1870,Pető
1762,Nyiri
1251,Kokesch
1008,Hugyecz
yb19122566,Tkatsik
1865,Petró
1987,Póhl
38,Angyal
1309,Krazl
970,Hofhauser
alm19071142,Pablasek
424,Csóry
1861,Petruska
1300,Kováts
2321,Stéger
2228,Sidó
988,Hornyák
1262,Kolár
212,Boba
2480,Szívós
1969,Pálovics
2051,Riskó
481,Deák
1767,Nyéki
191,Biró
yb1912730,Krajtsj
1227,Klemm
2588,Trautmann
yb1909341,Schumandl
2278,Stahl
2891,Ángyán
alm19071046,Fromhold
2280,Stankovics
1715,Mózer
697,Füredi
1985,Péter
yb19092165,Gyüre
2284,Stefánovits
1562,Majoros
249,Borsos
2253,Skriván
yb19122500,Mertinger
2377,Szemes
229,Bolcsik
yb19092152,Bredák
yb19121770,Luperszbek
788,Grosser
1859,Petrovics
1535,Lénárt
490,Diószegi
722,Gasparics
605,Faller
1919,Popelka
yb19121312,Krkos
1233,Klimkó
1839,Pauly
2872,Zámbó
2055,Ritschl
yb1909635,Spitzka
yb19091537,Schiessler
1476,Liftner
2328,Sulyok
alm190780,Roos
2339,Szabó
2146,Sauersitz
2521,Takács
2348,Szakács
yb19123221,Posthammel
2393,Szentgyörgyi
2361,Szedlacsek
1993,Pöcze
yb19122944,Sterczel
2197,Schusbeck
183,Biegelbauer
2371,Szeles
1076,Janda
1853,Peskó
1557,Magyar
1240,Kobelrausch
116,Baráth
1773,Német
948,Hevesi
822,Gábor
1827,Papp
alm1904334,Rozsaági
154,Benes
438,Cziegler
2358,Szaniszló
1826,Pap
yb19122863,Tröger
2576,Toperczer
2427,Szkalka
1814,Pallér
yb19123200,Dius
yb1909411,Szenftner
2795,Windisch
729,Gebhardt
866,Halm
2161,Scherbaum
1143,Karaszek
2451,Sztarill
156,Benke
yb19092011,Schwach
2550,Theil
alm1904103,Kulfasz
2840,Zemán
2313,Stróbl
1006,Huck
954,Hiller
alm1907324,Zeleni
2478,Szíjjártó
1364,Kádas
alm1907787,Strudl
6,Adametz
1774,Németh
alm1907612,Podolják
2492,Szőnyi
870,Halász
2434,Szmrekovszky
1450,Lavotha
2281,Stankovits
yb19092432,Hreska
alm1904580,Pooplavszky
121,Bata
599,Eördögh
206,Blazsek
2239,Simonics
2430,Szlobodnik
39,Angyán
1898,Plech
2807,Wittinger
2773,Weinzierl
yb19123232,Tometits
yb1909648,Bosnyakovics
1811,Pajor
89,Balázs
1664,Miskó
2351,Szalai
2560,Timár
267,Breitenbach
1502,Lohr
593,Erős
2210,Schőberl
yb1912334,Gubicza
301,Burján
2152,Schaffhauser
alm1904598,Spaczek
2207,Schöpflin
yb19092096,Dvornák
1489,Lipták
503,Dodek
2052,Risztics
yb19123336,Barbura
alm1904162,Hengel
yb19092223,Irczl
264,Brandt
1888,Pirovits
1446,Lauber
alm1904278,Handtel
1609,Maurer
1634,Messik
yb19121814,Weinczierl
1193,Kerék
yb19092512,Babanecz
82,Balla
1183,Kemény
yb19123354,Stanczel
yb19122679,Kirnbauer
2688,Veszély
985,Honyek
1078,Janics
yb19123174,Jaransch
1096,Jordán
yb1909459,Kralován
1085,Janovits
1301,Kozma
449,Dallos
1597,Masa
648,Fodor
1887,Piros
1790,Oravecz
673,Frágner
yb19092146,Kátus
yb19122442,Rosovits
yb19121888,Riszner
33,Andrejka
1593,Martinkó
134,Bede
1991,Pózna
yb19121985,Gutyina
2121,Révész
yb1912150,Bezzek
271,Brettschneider
1196,Keserű
78,Bakó
yb19123080,Hoppa
2694,Vida
2362,Szedlácskó
1967,Pálmán
yb19122010,Kuvanek
75,Bakonyi
161,Benyó
yb19092319,Blattmann
841,Gőbel
2187,Schramek
2077,Rottmayer
2477,Szíjgyártó
yb1912166,Dyatel
2874,Závodszky
1124,Kabdebó
237,Boné
2299,Stoffer
1751,Noszlopy
1575,Marczinka
855,Hajdu
1618,Medveczky
yb19121905,Vild
2045,Riegler
2870,Záhorszky
2263,Somogyi
2820,Wurmb
556,Eisenstock
1235,Klánik
2826,Zachariás
2245,Sipos
1896,Platskó
2858,Zsigmond
1424,Laczó
2308,Streér
2653,Valter
2419,Szilágyi
1521,Lung
308,Bácker
yb1912571,Anderlik
536,Déri
518,Dreszler
2311,Strobl
535,Dénes
2675,Vatai
yb19092560,Neamtin
1157,Kaszás
348,Bóka
alm1904442,Poqlavszky
5,Adamek
1374,Kántor
alm1907465,Ruthauer
1423,Laczkó
1880,Pillér
389,Cservenka
798,Gulyás
485,Dinda
1238,Knoll
1822,Pankuch
2589,Trenkó
198,Bittner
1347,Kun
882,Hanák
471,Demján
1936,Pribék
2016,Rasovszki
696,Fülöp
2054,Ritschel
yb19123251,Stir
1172,Kecskés
yb1912505,Paulus
451,Dancsa
1337,Kucsera
448,Czéh
295,Bugyi
2056,Rodek
60,Badics
yb1909983,Grebner
1434,Lampert
2168,Schilling
2595,Tujner
636,Fetter
429,Czakó
alm1907712,Bubonyák
2626,Ullmann
1825,Panyi
423,Csóka
1755,Novotni
yb1909669,Schimp
yb19092660,Szomleitner
654,Forster
878,Hanusz
406,Csizmazia
yb19122486,Mocskos
1832,Pataki
yb19121919,Aselnenbreuer
1253,Koller
40,Antal
1088,Jarosch
1425,Ladányi
1802,Osváth
2220,Seide
1778,Obermayer
378,Cseh
356,Bősinger
1327,Krátky
1209,Király
1744,Nieszner
yb19091319,Czibulya
844,Haberhauer
1067,Jagicza
yb19121574,Czihjó
470,Demeter
1623,Melegh
327,Bártl
1034,Hügel
480,Dezső
195,Biszterszki
651,Forberger
2660,Varga
2898,Éder
1693,Muzsik
2714,Vita
1075,Jancsó
69,Bajusz
390,Csete
302,Burkus
2741,Vég
1588,Marschalko
yb19092619,Gasparík
2745,Vétek
439,Czigány
yb19122937,Loos
yb19092113,Dienszt
1457,Lechner
yb1912631,Martinek
yb1912483,Dolfi
1239,Knotz
276,Brosek
129,Bayer
yb19123352,Krizsán
2906,Évinger
yb19092546,Holovka
1908,Pok
1996,Pőcze
yb1909973,Siegmund
428,Czaha
640,Finta
2780,Weninger
yb19092485,Nyegró
yb19092045,Hanigovszky
yb19122912,Paczes
415,Csupor
446,Czárán
1658,Minich
2208,Schülheck
yb19121302,Vanyatka
775,Grabowski
2483,Szöllősi
2279,Stancz
856,Hajdú
2380,Szemián
yb19121893,Striskovics
1578,Marics
yb19092094,Sinkler
2162,Schermann
yb19092328,Julcher
744,Gergely
2825,Zachar
203,Blasinger
1518,Lukács
283,Brányik
1286,Kornya
99,Barcza
2634,Urbán
yb19121787,Czeikovits
1995,Púk
1323,Král
2061,Roller
679,Furka
yb19092355,Jakubik
2073,Rosta
2663,Varjú
545,Dürr
1324,Králik
1858,Petrik
1166,Kazimir
1617,Medve
461,Darvas
2668,Vass
2216,Sebők
yb19121976,Szili
91,Balázsy
2494,Szűcs
160,Benyovits
2411,Szigeti
665,Frick
yb19092315,Kolesza
713,Gallovich
1291,Korén
alm1904132,Ponus
yb19091547,Caragutz
1999,Quancz
2895,Árva
1215,Kiszela
2897,Ébner
1622,Melega
1278,Korb
1723,Nagy
1727,Navratil
1139,Kapeller
yb19092078,Burucs
491,Dlauchy
yb19092488,Englert
965,Hock
1712,Mészáros
3,Ackerl
1082,Jankó
yb19122511,Chrobák
2583,Torma
1148,Karg
1998,Quaiszer
2125,Rónai
534,Dániel
175,Berta
1873,Pichelmayer
964,Hochholczer
1366,Kákics
425,Csögör
1843,Peckl
2251,Siráky
528,Dull
714,Galló
2225,Seregi
210,Blöch
63,Bagossy
1624,Melha
812,Gyurmán
2699,Vihar
alm1904452,Schwalcz
339,Bényei
459,Daruba
1750,Noszlopi
2461,Szántay
1338,Kuczkay
2610,Törnek
320,Bányay
2916,ünger
2259,Solty
213,Bobor
2506,Sárközy
1770,Nádaskay
2405,Szerdahelyi
2107,Rátái
562,Emerich
yb1912350,Vara?ek
2441,Szombathelyi
2191,Schröder
421,Csébi
1648,Mikes
2369,Szekér
750,Gerrithon
2619,Udvary
1265,Komlósi
1229,Klenovits
694,Füle
560,Eller
2548,Terényi
1514,Ludwigh
2488,Szőgyi
248,Borsody
975,Holl
326,Bársony
532,Dusárdy
332,Bátori
2112,Régeni
404,Csite
1387,Kókai
1066,Jagasich
2305,Stomm
1491,Lipót
77,Baksay
1190,Kernács
1346,Kullmann
2141,Saly
2438,Szokolay
1555,Madzsar
2700,Villoi
2128,Rózant
2106,Rátz
1962,Pálffy
92,Baló
963,Hochhalt
2093,Rupánovits
1302,Koznia
150,Bendesy
2637,Ursics
1133,Kallaus
215,Bocz
yb19092220,Hamni
294,Budó
137,Behumi
2157,Scheder
2470,Szécsényi
yb19122495,Venninger
1152,Karsay
304,Buttler
653,Forrai
2300,Stoflitz
1222,Kleeberg
242,Boronkai
615,Fegyveres
2322,Stéli
2509,Sényi
2416,Szilvásy
2529,Tanos
2096,Ruzsovits
2345,Szajbely
1115,Jécsy
2136,Rőzsényi
686,Fóris
268,Breitkopf
2269,Spath
2306,Strecke
2424,Szirmay
54,Aulinger
1225,Klemens
1552,Maczeovits
1112,Jászai
17,Alemann
612,Farnady
2104,Rátai
2674,Vaszy
2063,Rominszki
yb19122917,Ityun Kurja
1230,Kliburszky
1263,Komjáti
474,Demény
2573,Tomor
2090,Rumbacli
1267,Komorovszky
2379,Szemethy
1113,Jászffy
2842,Zielbauer
836,Gömöry
1733,Neuberg
499,Dobry
233,Bolgár
2212,Sebeit
2042,Richnavszky
2378,Szemethi
1053,Ispán
2600,Turányi
2866,Zuna
1142,Karalyos
8,Adámi
1413,Kőhalmi
2370,Szelecsényi
1916,Pollermann
2223,Semsey
1344,Kulifay
2365,Szehrlaut
737,Gelléri
2446,Szováthy
906,Havass
890,Harrer
yb1909593,Slotterbek
770,Goreczky
2232,Siklós
331,Bátonyi
2169,Schimert
2323,Stühmer
667,Friebeisz
510,Donáth
1123,Kabarcz
393,Csicsery
20,Alkér
1559,Magyarevits
80,Balder
2241,Simoray
2391,Szentesi
867,Halmai
2124,Róna
1315,Kricsfalvi
2343,Szadovszky
2264,Somorjai
670,Frimel
2497,Sáfáry
366,Csabai
109,Bartalos
2823,Wénesz
2338,Szabiár
2256,Smodics
2336,Szabadi
2447,Szoyka
2224,Sepsi
2765,Weichhart
2753,Walthern
1718,Müllender
22,Almády
1787,Onhauser
413,Csornai
2,Abonyi
453,Dankos
2324,Subsilvány
2854,Zoltán
1264,Komlódy
2265,Sontagh
388,Csernovics
869,Halácsy
1627,Mellye
1615,Medgyessy
2585,Tornyos
2628,Undi
1445,Lau
227,Bogáthy
2192,Schrőder
557,Elbert
1047,Ilsemann
1058,Ivnoll
2250,Siráki
2072,Rost
959,Hittner
598,Ewinger
1742,Niessner
23,Almásy
2332,Svéda
1819,Pandurovics
2296,Stilfried
2504,Sántha
190,Birkus
yb1909170,Vurumpek
251,Borsosföldy
1061,Ivánka
1208,Kirtzan
2516,Sümeghy
yb19092126,Konstantin
829,Gárdos
2520,Tajthy
680,Futó
486,Dingha
426,Csöppüs
2531,Tarnóczy
1654,Mild
751,Gerritsen
2538,Teasdale
254,Bory
2734,Várady
2542,Tencz
1000,Hoós
2545,Teplitzky
591,Ernőd
2479,Színák
2553,Thirring
2554,Thomka
2556,Tibiassi
2234,Sillye
719,Garami
1169,Kaál
180,Beösze
2010,Raksányi
163,Berecz
607,Falvai
1379,Kárpáti
732,Gebők
2084,Rozsovits
2650,Valentini
28,Ambrózy
2577,Toporai
93,Barabás
258,Bossányi
2733,Váradi
704,Fűzy
2837,Zeibig
148,Bendes
2873,Zányi
259,Bosányi
273,Brezovsky
2027,Reinbotli
1322,Krupcsák
2261,Somló
1404,Körmendi
1632,Merkefka
14,Aigner
2738,Vázsonyi
2604,Téglás
1983,Pékli
2510,Sík
319,Bányai
1465,Lendér
74,Bakodi
1108,Járdek
1013,Hunyady
2616,Tőkési
2618,Udvardy
2414,Szilberleitner
1165,Kazacsay
522,Duday
19,Ali
825,Gácsy
231,Boleman
2631,Unyi
2632,Uray
1676,Morent
1463,Lendvai
634,Feszelyi
1984,Pénzes
1121,K
832,Gáspárdy
987,Hornyok
1097,Josvay
997,Horánszky
1482,Linhart
2481,Szóka
859,Hajnóczky
2770,Weinek
255,Borzsák
1766,Nyáry
1776,Nők
2722,Vragassy
2659,Vankovics
2662,Varjas
2664,Varró
2665,Varsányi
2315,Ströszner
2876,Zöldváry
155,Benesch
1628,Mellyes
1180,Kelndorfer
2255,Slunka
1939,Prikk
2066,Ronchi
2131,Rózsai
245,Borostyán
1847,Pek
1930,Prajmayer
202,Blaschnek
1902,Pláner
1951,Pulay
1851,Pertik
1621,Meixner
1749,Noel
2709,Virág
368,Csanády
188,Bilkay
1730,Nesztor
1114,Jászfy
2890,Állaga
2720,Vonyek
2723,Vrasich
2657,Vanger
760,Goczán
960,Hlatky
771,Goszleth
1922,Posgay
778,Grecsák
2730,Vámos
2731,Ványai
2732,Ványi
1927,Pozsgai
2513,Sördén
136,Behringer
2422,Szinte
2739,Vécsei
2317,Stuchlicli
2742,Végh
49,Argauer
2058,Rokken
2747,Wabrosch
768,Gonda
1188,Keresztury
2755,Wancsek
2460,Szájbély
2759,Watzke
1271,Komáromy
1704,Mártzig
274,Briestyánszky
2454,Szubotics
981,Homoky
2779,Wenhardt
36,Angelus
2781,Wenzl
2784,Wester
1383,Kési
2789,Wildner
1468,Lenkey
29,Amigo
454,Dankovszky
873,Hamvassy
2448,Sztahora
537,Dévai
2014,Ramaszéder
1725,Narantsik
1674,Morelli
609,Faragó
2702,Világhy
2523,Tallum
2425,Szivitál
2816,Wolfram
50,Armstádt
893,Hartai
1526,Lángos
282,Brányi
1688,Muskovics
2578,Toporczi
2154,Schara
2831,Zaitz
1657,Milus
1177,Kellel*
769,Gorecky
2148,Saáry
821,Győrök
2388,Szenkovits
alm1904149,Kamenszár
435,Czenner
2850,Zlinszky
2851,Zmeskall
1303,Kozáky
199,Blaha
399,Csiliéri
2862,Zsizsó
2864,Zsolnai
2436,Szokol
375,Csatáry
230,Boldog
978,Hollós
2727,Vági
2875,Závonyi
990,Horpáczky
1913,Polereczky
2868,Zuzánszky
2892,Ányos
2901,Éless
2808,Wittkovszky
2904,Érczhegyi
2909,Ózdi
374,Csatay
786,Grolig
731,Gebök
2913,Újhelyi
1042,Ihász
2915,Úrik
1056,Iszer
2917,Őrsy
1440,Laskovics
1803,Oszlik
539,Dómján
2524,Tamasek
298,Burg
614,Fecske
1283,Kormoss
306,Buzáth
418,Csányi
2455,Szuhaj
316,Bánfai
2466,Száva
2320,Stáhly
325,Bárdos
2316,Stuchlich
329,Bárány
1382,Kéri
236,Bolváry
334,Bécsy
2682,Vendéghegyi
495,Dobrossy
650,Folkusházy
579,Eperjessy
2517,Sőtér
1925,Pottornyay
433,Czeisz
1063,Izsó
352,Bölcsházy
781,Greizinger
1784,Olicsek
358,Cenner
2458,Szurmák
1141,Karaffa
361,Chyzer
1821,Pandúr
2865,Zsámboki
364,Crempola
2222,Selye
601,Eőry
589,Erményi
2307,Strempel
369,Csapiár
2647,Vajdafy
1122,K.
291,Bucsánszky
1384,Késmárki
379,Cseke
303,Busehor
382,Csenteritz
1475,Liebold
2627,Ulrik
462,Darvassy
2680,Vellay
1603,Matlag
2353,Szalmási
1471,Leár
185,Bikich
351,Böke
578,Enyvvári
4,Acél
401,Csilléry
1582,Markusovszky
2724,Vukassinovits
2242,Simsa
1709,Mátékovics
544,Dörflinger
2737,Váry
2599,Turcsányi
416,Csákberky
2819,Wukassinovits
2836,Zboray
2400,Szentpétery
1630,Mergenthaler
1477,Linczenpolcz
253,Borvendég
475,Dene
432,Czeber
2476,Szíics
2467,Szécsenyi
443,Czotter
939,Hertli
639,Filgóssy
1182,Kempelen
2482,Szöllösy
1470,Lexa
2397,Szentléleki
380,Cselkó
2331,Svetschin
46,Arany
966,Hockl
1662,Miske
2230,Sik
982,Homonnay
928,Herein
2582,Torgyik
223,Bogdándy
211,Blöckinger
2360,Szecsei
1794,Orendács
143,Beliczay
1448,Laumann
484,Dimák
706,Gadányi
1864,Petrásy
708,Gajári
2678,Vecsei
27,Ambrus
493,Dobos
496,Dobrosy
974,Holba
2655,Való
2252,Skhreiber
1645,Mihályfy
766,Goldzieher
1049,Incze
1547,L’Auné
2908,Író
411,Csonták
513,Dratsay
1145,Kardon
489,Diószeghy
2689,Vető
587,Erdősí
135,Bedő
585,Erdősi
2003,Radványi
1484,Lipkay
540,Döchner
1432,Laky
910,Hefkó
2062,Rominsky
548,Eckenberg
2620,Uhman
2249,Sipőtz
582,Erdész
553,Egyed
419,Csármann
2703,Vimental
558,Eleméry
241,Bori
2547,Tertsch
567,Emyei
2848,Zimniermann
569,Enberger
2413,Sziklai
1246,Kocsy
2508,Sárváry
1758,Nováky
1010,Hulényi
631,Festetics
2372,Szelmayer
1754,Novelly
710,Gajárí
2270,Spielenberg
2880,pandurovits
1021,Hányi
2617,Ubrik
1360,Kuzmik
596,Esztergályos
597,Evva
2153,Schaffner
371,Csaplovich
482,Dieballa
2541,Teleky
2532,Tary
176,Bertalan
838,Göndöcs
2638,Utry
617,Fehérvári
1153,Karányi
1649,Miklós
626,Fenyő
865,Hallóssy
2133,Rózsás
1639,Mezey
2861,Zsitnyánszky
2035,Reitszam
1667,Mohán
2679,Vecsey
642,Fissinger
2341,Szadai
647,Fock
2165,Schiebel
2097,Rzepeczky
1192,Kertész
384,Csepreghy
2602,Tájber
672,Frivaldszky
561,Előd
754,Ginzery
1155,Kasenczky
1419,LKovács
2813,Wolffarl
395,Csides
2624,Ujfalvi
1633,Merschitz
1997,Pőzel
157,Benkovszky
1099,Joós
2385,Szenessy
1109,Járitz
2918,Ősapay
26,Ambrosits
709,Gajáry
71,Bajáky
2498,Sághy
715,Gammel
721,Garay
1914,Poleretzky
724,Gavalya
725,Gavora
1220,Klaudy
73,Bakcsy
521,Drégely
2221,Sellei
2552,Thierry
1009,Hujber
564,Emmerich
122,Batka
2522,Takáts
2080,Rozmanith
2540,Telegdy
1691,Mutzer
2711,Visnya
479,Devecis
1885,Piperkovits
762,Godán
1497,Lisznay
1833,Pató
2804,Wiszt
214,Bocke
336,Békéfi
774,Grabovszky
1553,Madary
205,Blasnek
1002,Hubatsek
87,Baluka
796,Guckler
2796,Winhart
420,Császár
803,Gyapay
2782,Wermer
354,Böröcz
527,Dulcsán
yb19092490,Paukner
2658,Vaniss
915,Heinzman
42,Apagyi
810,Gyurkovits
520,Drágffy
817,Gyürke
2696,Vidéky
1631,Mergenthaller
2803,Wiskousky
600,Eőrsi
83,Balló
2500,Ságody
1536,Léránt
835,Gödöny
837,Gönczi
113,Bartunek
2098,Rába
2065,Romy
220,Bodrogi
849,Hagyó
1679,Mosdóssy
2713,Viszt
2670,Vasvári
1144,Karczag
86,Baltzer
787,Grollg
861,Halabúk
538,Dévény
1051,Irsai
1689,Muskovits
2183,Schmiilt
880,Hanvai
2519,Tabajdy
2194,Schuchtár
630,Ferenczy
951,Hieronymi
2118,Rétháti
455,Dankowsky
1741,Niedzivulszky
783,Grigár
2912,Örsy
1576,Marczinkievicz
2756,Wanke
45,Apostol
834,Gödöllei
914,Heidler
621,Fekets
891,Harsányi
2329,Sumanovácz
2366,Szeiff
919,Hellmich
1469,Leszik
720,Garancsy
921,Heltai
1813,Paksi
2138,Sajó
2661,Vargha
1284,Kornai
2801,Wirnhardt
96,Barakovics
1367,Káldor
1799,Osapay
949,Heyl
2829,Zacska
941,Hetessy
942,Hettyey
333,Bátory
2047,Rimanóczy
1409,Kötél
2039,Reminiczky
2433,Szmodits
2621,Uhmann
652,Forisek
1994,Pörje
2206,Schönhein
467,Debski
2018,Ratkovszky
2017,Rasovszky
2622,Uiás
2449,Sztankovits
894,Harth
1608,Matzinger
2009,Rajtuk
2005,Ragályi
456,Danzer
263,Bradách
2667,Vaskó
341,Bérezi
1433,Lamotte
1529,Lázié
488,Diósi
684,Fáy
2596,Tunyogi
1980,Pécsei
846,Hadzsy
1584,Marközy
365,Csaba
194,Bisitz
1974,Pártzer
61,Badál
1467,Lenkei
1965,Pálka
902,Hatos
1638,Mezei
1118,Jósvay
1955,Purtzl
1563,Majorossy
1713,Móry
583,Erdődy
550,Egerházy
1893,Placht
70,Bajáki
1943,Prokesch
1941,Prochnov
976,Hollentoner
1700,Márkly
466,Debreczenyi
1934,Preuszner
1929,Poór
577,Enyingi
1217,Kizdián
1923,Poszpischl
2856,Zoványi
278,Bruha
1801,Ostyáni
1805,Osztermann
1909,Pokieser
1510,Ludmányi
1897,Platthy
1842,Payper
2824,Zabutsek
179,Betsey
189,Birkl
2673,Vaszilievits
387,Cserhalmi
1508,Luboviensky
187,Bikits
1869,Petzrik
2013,Ramaseder
1867,Pettykó
2114,Rényi
1857,Petretz
98,Barbás
1852,Peschky
2301,Stohansl
434,Czellaó
1845,Pecsis
1083,Janny
2108,Ré
402,Csiszlár
1835,Paulay
1041,Igaly
1492,Liskovetz
1820,Pandurovits
632,Feszeli
2751,Waldinger
1818,Pandur
35,Andrássy
1968,Pálos
1808,Ozorai
896,Harámi
79,Balay
2238,Simonffy
1960,Pákh
554,Együd
2855,Zombory
1793,Orczy
1791,Orbanitz
2347,Szakmány
1091,Jehring
2237,Simonchich
1127,Kacsóh
1772,Nékám
59,Bachát
2561,Tippner
1769,Nádas
1812,Pajzs
2806,Wittenbarth
1829,Papperül
1342,Kulcsár
508,Domonkos
971,Hofher
447,Czéber
1747,Nisponszky
2838,Zeiger
2126,Rónay
1720,Mündl
145,Bellus
1422,Laczkovich
2546,Terletter
2359,Szaszovszky
805,Gyenge
2676,Vati
1516,Luizer
2069,Rosmanith
1716,Mühl
943,Hetényi
1706,Mátlié
1703,Mártonffy
1219,Klapper
238,Borbás
2119,Rétyi
1698,Márffy
1548,Maass
1333,Krónits
763,Gogolák
1686,Mukk
1684,Muchmayer
863,Hallamásek
1681,Mossonyi
394,Csicsmanczay
1783,Ohlhauser
2289,Stephány
1030,Hölle
566,Emperl
1672,Monó
1368,Kálhok
1665,Modossy
2639,Uzsák
1090,Jauernik
1103,Juventius
1653,Milassin
1652,Mikóczi
1564,Majthényi
1650,Mikolay
2200,Schwendtner
1647,Mihálykovics
2799,Wintner
1640,Michál
164,Bereczky
1218,Kiébert
1959,Pákay
2557,Tibiássi
646,Fochler
1129,Kada
2633,Urbanovics
1629,Menczlik
2672,Vaszary
1307,Krajcsics
635,Feszi
372,Csapláros
2050,Rippert
1945,Protzer
162,Berczel
1241,Kobler
2309,Strigentz
1507,Lovász
989,Horony
500,Dobrzyniecky
260,Bottyáni
703,Füzér
1077,Janek
1594,Martiny
2164,Schiebe
250,Borsosföldi
1022,Háringáts
142,Belgrádi
1136,Kamocsay
2612,Törő
1660,Mirsch
1573,Manzéger
2030,Reintz
2685,Vermes
852,Hainiss
383,Csepke
1442,Lassányi
1070,Jakopovits
2817,Wossala
1558,Magyarevics
1782,Ohler
702,Füzy
1512,Ludvik
2641,Vadkerti
1542,Löwenstin
1534,Lénárd
1533,Léman
279,Brukker
818,Győrffy
2887,Ádámy
851,Haidekker
1523,Lyachovics
1234,Klunzinger
1520,Lukácsy
1001,Hruby
2603,Tálassy
682,Fái
1506,Lovasy
1504,Losczák
1503,Lombay
1444,Latky
15,Akantisz
1499,Lobmajer
1498,Litauszky
2304,Stolnicki
1495,Liszkai
2757,Warga
1779,Ocskay
2899,Édes
149,Bendessy
2396,Szentkirályi
2060,Rokszer
1351,Kurmann
929,Herkner
1046,Illési
2598,Turchányi
1243,Koburger
850,Hahnel
2213,Sebestyén
305,Buzay
1661,Miskay
2635,Urik
1460,Leidenfrost
1069,Jakoby
1673,Morbitzer
2609,Töreky
570,Endrei
658,Frankfurti
1522,Luzsa
1025,Házas
1441,Laskovits
1167,Kazinczy
2408,Szervó
2403,Szerafusz
2534,Tatai
1427,Lajosfalvi
2116,Rétesi
1421,Lacuska
1420,Lacsny
2246,Siposs
1604,Matolay
1414,Kőmives
1412,Kürtös
381,Csendes
1407,Körös
343,Bézsenyi
400,Csillag
2690,Vezdin
2160,Schenadek
2303,Stokovszky
977,Holló
1397,Kömives
1396,Kölüs
1402,Könyves
2325,Sugár
864,Hallamássek
1388,Kónya
289,Buchgraber
138,Behyna
2484,Szöts
2373,Szemenyei
1373,Kánai
592,Erényi
2728,Vágó
1314,Kreszula
1365,Kájlinger
1062,Ivánszky
1282,Kormonyák
1359,Kuzder
1357,Kutassy
1354,Kurzbacher
1431,Lakos
901,Hatolkay
2442,Szombathy
2457,Szultos
913,Hegyváry
2217,Seeber
1275,Kopcsányi
1017,Hyross
2644,Vadász
2113,Régi
347,Bódy
1316,Kricsfalvy
1032,Hörk
2729,Váli
2776,Wenczl
1824,Panovitz
2456,Szuhay
130,Baán
1295,Kosztolányi
1094,Jeney
2684,Veress
1012,Hunyadi
yb19121967,Jamisch
2102,Rákóczy
2444,Szondy
2669,Vastag
2049,Ripka
2443,Szomor
586,Erdőssi
2435,Szoboczky
55,Ausim
920,Helmschmidt
1370,Kállay
1248,Kohlert
2120,Révai
1878,Pikószky
124,Batyala
1237,Kneisz
2586,Totth
1549,Machan
1405,Környei
132,Beckmann
95,Barakovich
2437,Szokola
201,Blary
1695,Mácsady
1214,Kisujfalusi
1211,Kis-Erős
723,Gattein
1039,Hős
1403,Könyöki
749,Gerlóczy
120,Baseli
2794,Windhager
802,Gyalokai
2835,Zatopek
1191,Kerstner
376,Csaudáry
1186,Kerecsényi
2712,Visontai
181,Beősze
2533,Tassi
996,Horváthy
118,Baróti
2091,Rupp
877,Hantos
1625,Melkó
1406,Körtvélyesi
1170,Kecskeméthy
899,Haszmann
362,Clauser
1328,Kráuthl
2410,Szigethy
1163,Kauser
1692,Muzs
824,Gácsi
806,Gyomoréi
2418,Sziládi
186,Bikics
1554,Madarász
1439,Lappert
1462,Leitkam
1764,Nyirő
1130,Kadenszki
1828,Papperth
1119,Józan
1760,Noél
1376,Kárgli
2083,Rozsonics
2110,Rédi
542,Dömök
1110,Jármay
1982,Pék
2275,Spányi
1102,Jurenák
1496,Liszkay
1763,Nyiry
2526,Tamáskovich
463,Darvasy
922,Helvey
58,Babucs
108,Bartalits
2636,Urs
2089,Rumbach
718,Garam
1072,Jaminsky
1953,Purebl
10,Adátny
1481,Lindl
2233,Sikonya
2579,Tordai
549,Ecséry
2149,Saíranek
106,Barta
2615,Tőkés
1057,Isépy
2387,Szenkovich
506,Dokuly
330,Básics
1729,Nemesszeghy
516,Drescher
44,Apatitzky
1416,Kőrösy
1786,Onhaiser
1036,Hümpfner
649,Fogarassy
924,Henszelman
1854,Pesthy
103,Barlatits
1029,Höfle
1479,Lindenbach
1027,Hódy
1026,Héjj
2057,Rogosits
1677,Morlin
472,Demjén
2911,Örsek
1015,Huschek-Blaha
1014,Huschek
1011,Humayer
452,Danizy
1350,Kurfürst
2764,Weichhardt
2243,Sindelás
1019,Hámory
yb19092188,Schandel
519,Dritomszky
2145,Sauerland
2686,Vesetcky
730,Geböck
2095,Ruthner
1616,Medl
727,Gazsi
2135,Rőhri
2078,Rozant
1881,Pinke
1807,Osztoits
1551,Machán
748,Gerle
511,Dorogsághy
991,Horti
563,Emmer
1726,Naszádi
1321,Kronits
568,Emőd
1868,Pettykő
2105,Rátonyi
2134,Rüll
1224,Kleisz
1601,Mathievics
1567,Malaky
139,Beke
1372,Kály
2247,Sipöcz
1394,Kölber
182,Bicskey
492,Dobján
1531,Léczian
209,Blázy
2214,Sebák
1976,Pásztory
1231,Kliczpera
940,Hessky
2423,Szirmai
243,Boronkay
1921,Porpáczy
1884,Piperkovics
1274,Konyusik
1569,Manchen
310,Bácskai
1605,Mattyasovszky
1426,Lahocsinszky
1957,Pádár
1905,Podmanitzky
2849,Zimányi
1203,Kirch
712,Gallina
1154,Karés
314,Bálványi
1796,Oroszlán
2707,Virnhardt
2074,Rostagni
168,Beretz
1059,Iváncsó
1771,Nádory
2572,Tomanó
2496,Sáfár
2571,Tolnay
2888,Ágoston
1915,Polgár
1666,Modrovich
173,Bernauer
21,Alm
2326,Sukola
1975,Pártényi
1746,Nirschy
alm1904346,Kreczinger
2346,Szakacsics
2211,Scserbovszky
357,Cavalloni
1511,Ludvigh
1174,Kelecsényi
43,Apalitzky
683,Fájli
1150,Karlovitz
507,Domanyek
816,Györffy
529,Dulácska
288,Buchelt
24,Alth
2129,Rózay
1904,Podluzsánszky
741,Gerencsér
2652,Valpatits
2337,Szabady
2903,Élő
219,Bodrog
363,Crempeltz
992,Hortobágyi
1917,Polányi
2182,Schmiedinger
1003,Hubay
947,Heves
1532,Léczián
1074,Jancsovits
322,Bárczi
2746,Vörös
1031,Hörcher
2569,Toldy
1970,Pálya
1266,Komlóssy
1464,Lendvay
417,Csáki
801,Gyalog
2257,Softics
2432,Szmodics
743,Gerendi
47,Aranyossy
197,Bittera
2736,Várkonyi
887,Harmos
1798,Orágffy
2398,Szentmártonyi
2601,Tábory
2384,Szendy
2814,Wolffart
2760,Wawra
1493,Liskowetz
551,Egressy
2591,Trágy
1947,Pröckl
7,Adamy
2354,Szalmássy
1288,Koronthály
888,Harrai
2445,Szontagh
1198,Kiliti
2594,Tuboly
1334,Kubinyi
yb19091887,Kéler
908,Hebelt
465,Debreczeny
573,Engelbach
2792,Wimental
505,Doktay
1199,Kilius
1018,Hálák
1509,Lubovienszky
1863,Petrássy
1938,Prikelmayer
2852,Znavovits
979,Holtzspach
2273,Springmann
1044,Illyefalvi
2910,Öhler
1268,Komoróczy
246,Borovits
1675,Morengl
1341,Kujarik
1958,Páhn
2565,Tkálcsics
221,Bodák
2894,Árkay
502,Dobó
1981,Pédery
1918,Pongrácz
1202,Kintzly
97,Baranyay
460,Daruvári
1415,Kőműves
2642,Vadkerty
1687,Murányi
2692,Viasz
1777,Oberle
983,Honffy
2011,Rakusz
2593,Tröster
247,Borsodi
1417,Kőszegi
1260,Kolozsvári
1866,Petróczy
1966,Pálmay
2605,Tézli
1164,Kavanda
422,Cséfai
257,Bosnyákovits
1306,Kracker
2248,Sipőcz
815,Gyömörey
1928,Pozsgay
2590,Trenyák
2079,Rozgonyi
2625,Ullerich
2905,Ész
437,Cziczli
1565,Makay
1189,Keresztúri
34,Andreska
571,Endrey
662,Frecskay
476,Denne
2450,Sztarik
935,Hertelendi
2762,Wehner
627,Ferenc
477,Detrich
346,Bódis
811,Gyurmann
2777,Wendel
1149,Karkas
932,Herok
1117,Jósa
1737,Nevelits
1250,Kohuth
2867,Zurányi
1680,Mosdósy
509,Domsa
68,Bajkay
2219,Sehr
2355,Szalmásy
1519,Lukácsi
2507,Sárossy
48,Arathau
1696,Mándy
2584,Torna
776,Grabowszki
2613,Tövis
1804,Oszoli
2802,Wiskonsky
2833,Zandler
166,Berencsy
1335,Kubinyák
2302,Stojanovits
1837,Paulikovits
1699,Márher
224,Bogisich
690,Földváry
1903,Pobuda
1931,Prasszer
1937,Prickelmayer
1986,Pócza
407,Csomay
1761,Nyerges
595,Eszláry
1487,Liptay
1637,Meubauer
386,Cserey
2171,Schindelmann
1722,Nagv
1401,Könye
2587,Trapp
2215,Sebő
1451,Lavotta
1906,Pogány
2002,Radnai
1389,Kórody
1287,Korona
397,Csikász
2787,Wigh
950,Hidassy
1708,Mátéfy
1137,Kamrás
2859,Zsillé
1361,Kuzsinszky
1060,Ivánfi
2033,Reiszberger
1438,Lantosy
1830,Parsche
1566,Makó
1168,Kazár
128,Bausz
2298,Stipics
993,Horvatics
2735,Váradyné
1206,Kiripolszky
1590,Marsovszky
1293,Koródy
698,Füredy
1249,Kohlért
1964,Pálföldy
2404,Szerb
37,Angelusz
1185,Kenesei
360,Chobota
297,Bunyitay
504,Doehner
606,Faludy
94,Baracs
1745,Nikoletti
934,Herpka
1768,Nád
2143,Sarudy
2163,Schey
1381,Képiró
144,Bellaágh
2539,Tegzes
385,Cser
973,Hofner
1577,Marenits
700,Füstér
2342,Szaday
629,Ferenczi
1454,Lazmann
2608,Tótth
886,Harmath
1596,Martos
yb19092449,Trsztyenszky
464,Daunterer
2570,Tolnai
2000,Rabsch
12,Agotay
733,Gecső
431,Czebe
2144,Sass
2038,Remete
2226,Seres
689,Földessy
843,Haberern
1655,Milei
2515,Söveggyártó
2375,Szemere
1973,Pápay
1418,Kővári
1972,Pápai
1810,Pados
2294,Stichleutner
1232,Klim
2726,Váczy
2406,Szerezla
2356,Szalontay
633,Feszely
2150,Scerbovszky
1697,Mánk
311,Báldy
30,Amigó
2687,Vesetzky
1317,Kriegler
1252,Kolbányi
117,Barócs
1515,Lufcsik
1437,Lantossy
1614,Mechtler
2395,Szentkeresztfi
2392,Szentessy
1977,Pátkai
337,Békési
1635,Meszlényi
2394,Szentiványi
2142,Sarlós
1800,Ostián
604,Fah
1910,Pokieszer
659,Franki
2791,Willig
2643,Vadon
772,Gosztonyi
1611,Maydánszky
yb19092422,Robák
692,Fölkel
687,Födi
883,Haraszti
2453,Sztrenyák
936,Hertelendy
2701,Villói
2772,Weinszeisz
2580,Torday
1571,Mandák
2651,Valovits
1228,Klenim
1395,Köllő
2175,Schmaderer
643,Flanyek
165,Bereghy
2350,Szakál
1362,Kvitskó
2717,Vojcsik
884,Harcz
889,Harray
1095,Jeny
1280,Koritsánszky
1111,Járó
2440,Szombathely
2893,Ári
228,Boinitzer
1550,Machay
2645,Vagyák
814,Gyökér
340,Bérczi
576,Englerth
2721,Vosits
64,Bai
608,Fapp
2402,Szer
1410,Kövesi
2592,Trágyi
691,Földy
1140,Kapy
469,Deme
2159,Scheiter
523,Dudái
909,Hebentanz
2043,Richnovszky
707,Gajzágó
2268,Spannberger
9,Adámy
414,Csukás
2527,Tamáskovits
2335,Szabacsek
961,Hlavkay
1524,Ládi
2276,Spáth
1400,Könnye
269,Brestyánszky
1875,Piday
1023,Háry
1911,Pokomándy
2563,Tirschl
318,Bánlaky
1304,Kozáry
1501,Lobniayer
1979,Péchy
1093,Jellenek
678,Furebl
2698,Vigadi
2884,Ábrányi
169,Beretzky
309,Bácsinszky
1398,Köncs
1201,Kinczly
1710,Méro
2575,Tompó
2103,Ránits
2710,Virágh
133,Becske
2740,Vécsey
1753,Novaky
1313,Krepuska
1816,Pandel
323,Bárczy
2088,Rubis
2681,Venczell
2889,Ágotay
2189,Schroll
2420,Szimély
828,Gárdonyi
1901,Pluchár
2821,Wurmb.
699,Füry
2040,Renkei
2334,SzHorváth
296,Bukovszky
800,Guvelinger
925,Henszelmann
808,Gyurinovich
2349,Szakái
1259,Kolonits
1694,Muzsikó
81,Balikó
2390,Szentes
1393,Ködmencsi
938,Hertendy
1527,Lártg
1132,Kajlinger
1073,Jaminszky
501,Dobrády
858,Hajnos
1574,Marcsiny
1194,Kerékgyártó
530,Dura
1281,Korláth
1714,Mósch
637,Fettick
2082,Rozsnyó
874,Hamvasy
2495,Sábián
2094,Ruszék
261,Bozzay
367,Csajka
2383,Szendi
1299,Kovácsy
235,Bolvánszky
900,Hatolkai
955,Hincz
1486,Lipovetz
937,Hertendi
yb19092402,Jungling
1035,Hültl
373,Csapó
440,Czike
2623,Ujbányi
1619,Megele
468,Decsy
594,Erőss
2272,Spillenberg
2428,Szlatiny
2491,Szőllősy
1478,Lindauer
2374,Szemenyey
738,Gellért
1924,Posztobányi
624,Fent
1895,Planer
1963,Pálfi
734,Gedei
868,Halmos
1876,Pigniczki
2231,Sikety
1579,Marits
1171,Kecskeméti
1443,Laszip
1195,Kerényi
782,Grigoli
1678,Mosch
2568,Toldi
661,Frankovits
2099,Rábai
90,Balázsovich
1823,Panovicz
2376,Szemerédy
1485,Lipovecz
1156,Kaszper
218,Bodor
746,Gerger
2363,Szedmáky
427,Czagányi
2386,Szeniczey
1483,Linzbauer
2843,Zielinski
1378,Károlyi
2544,Tenke
1568,Malmos
2203,Schödl
1285,Kornitzky
1212,Kis-Szölgyémi
809,Gyurkovich
1236,Klázer
yb19123002,Bühler
1781,Odry
533,Dzsálya
1320,Kroner
2744,Véssei
1855,Pesti
275,Brodesser
430,Czapp
1028,Hóiba
2845,Zilahy
1600,Matauschek
2555,Thury
1449,Lautner
688,Földes
705,Gacsáry
603,Fadgyas
1184,Kende
1580,Markovich
1319,Krompholcz
1024,Hátas
2368,Szekeres
2340,Szabóky
590,Ernyei
2805,Witkovszky
1318,Krisztinkovich
359,Chobola
345,Bódai
1480,Lindenmayer
2558,Tichler
2421,Szintai
2327,Sultisz
1488,Lipthay
2818,Wuch
1305,Koós
543,Dömötör
335,Békehegyi
2357,Szalonás
1690,Musza
1086,Jantsovits
840,Günther
2518,Tabajdi
907,Hazafy
293,Buday
526,Dukovits
225,Bognár
1988,Pólencz
412,Csorna
1054,Isskruljev
232,Bolemann
2648,Vajna
1016,Huszár
398,Csikós
1537,Lóránt
1585,Marosfy
2469,Szécsy
2008,Rajháty
541,Dömsödi
2567,Tokody
25,Altorjai
2528,Tamásy
349,Bödecs
580,Erczhegyi
622,Feleki
1371,Kálmánczhelyi
1944,Prokopp
1037,Hőfle
66,Baitner
1050,Ipoly
2900,Éles
2654,Valtinyi
2177,Schmellhegger
1607,Matuska
353,Bölcskei
2719,Vollmann
2007,Rajháti
2032,Reisz-Guttay
2493,Szőts
848,Hagymássy
2415,Szilvássy
2330,Supka
1728,Nelhübel
1052,Irányi
1116,Jékly
226,Bogár
740,Gere
2834,Zaratin
860,Hajós
2671,Vasyilievits
1273,Kontsek
912,Hegyi
675,Frólik
2725,Váczi
2053,Ritoók
2048,Rimár
2879,lllyefalvi
2486,Szüllő
531,Durucz
436,Czibor
1175,Kelemen
813,Gyurótsik
172,Berkes
739,Genersich
317,Bánfi
2514,Sötér
1889,Pischoff
1978,Pázmán
917,Helfenberger
1644,Mihályfi
2122,Rézi
2763,Wehrmann
2853,Zofáhl
1711,Mérő
1459,Ledényi
2832,Zajti
2178,Schmelovszky
2472,Székács
745,Gergelyi
1736,Nevelics
1946,Prónay
123,Battlay
1844,Pecsics
1126,Kacsur
1147,Kares
2907,Ézsöl
1806,Osztian
1390,Kóródy
100,Barczen
918,Hellmer
1332,Krénusz
2914,Újvári
779,Grecsó
107,Bartal
2536,Tauschler
57,Babocsay
742,Gerenday
1200,Kimig
1940,Pritz
1815,Palotai
1216,Kiticsán
2614,Tüttő
1651,Miksits
2475,Szép
2132,Rózsavölgyi
2271,Spilenberg
152,Beneda
1369,Kállai
408,Csongár
1663,Miskovics
1134,Kallós
1007,Hudomel
663,Frenyó
2085,Rozsár
1949,Puchwald
1043,Ilkey
391,Csics
2607,Tóthfalussy
2695,Vidos
845,Hackermüller
2566,Toborffy
1894,Plachy
1620,Megyery
546,D’Ouvenou
685,Fél
2489,Szőke
2227,Serly
1952,Puntigám
1158,Katinszky
1856,Petheő
458,Darnay
1294,Koszorú
1490,Lipóczy
494,Dobrai
2574,Tompa
2229,Sigl
1089,Jarács
1626,Melly
2026,Reinboth
184,Bihary
1587,Marossy
370,Csapiáros
1891,Piszlinger
1682,Mottl
2260,Somlyai
2012,Ramascder
2691,Vezér
yb1912598,Kogler