sorszam,n1
1,Abelsberg
2,Abonyi
3,Ackerl
4,Acél
5,Adamek
6,Adametz
7,Adamy
8,Adámi
9,Adámy
10,Adátny
11,Agocs
12,Agotay
13,Agócs
14,Aigner
15,Akantisz
16,Albrecht
17,Alemann
18,Alexa
19,Ali
20,Alkér
21,Alm
22,Almády
23,Almásy
24,Alth
25,Altorjai
26,Ambrosits
27,Ambrus
28,Ambrózy
29,Amigo
30,Amigó
31,Anderkó
32,Andor
33,Andrejka
34,Andreska
35,Andrássy
36,Angelus
37,Angelusz
38,Angyal
39,Angyán
40,Antal
41,Anton
42,Apagyi
43,Apalitzky
44,Apatitzky
45,Apostol
46,Arany
47,Aranyossy
48,Arathau
49,Argauer
50,Armstádt
51,Arányi
52,Asztalos
53,Auer
54,Aulinger
55,Ausim
56,Axmann
57,Babocsay
58,Babucs
59,Bachát
60,Badics
61,Badál
62,Bagi
63,Bagossy
64,Bai
65,Baintner
66,Baitner
67,Bajczár
68,Bajkay
69,Bajusz
70,Bajáki
71,Bajáky
72,Bakay
73,Bakcsy
74,Bakodi
75,Bakonyi
76,Bakos
77,Baksay
78,Bakó
79,Balay
80,Balder
81,Balikó
82,Balla
83,Balló
84,Balog
85,Balogh
86,Baltzer
87,Baluka
88,Balás
89,Balázs
90,Balázsovich
91,Balázsy
92,Baló
93,Barabás
94,Baracs
95,Barakovich
96,Barakovics
97,Baranyay
98,Barbás
99,Barcza
100,Barczen
101,Bari
102,Barina
103,Barlatits
104,Barna
105,Barsi
106,Barta
107,Bartal
108,Bartalits
109,Bartalos
110,Bartek
111,Bartos
112,Bartsch
113,Bartunek
114,Bartók
115,Barát
116,Baráth
117,Barócs
118,Baróti
119,Basch
120,Baseli
121,Bata
122,Batka
123,Battlay
124,Batyala
125,Bauer
126,Baumann
127,Baumgarten
128,Bausz
129,Bayer
130,Baán
131,Becker
132,Beckmann
133,Becske
134,Bede
135,Bedő
136,Behringer
137,Behumi
138,Behyna
139,Beke
140,Bekö
141,Bekő
142,Belgrádi
143,Beliczay
144,Bellaágh
145,Bellus
146,Bencsik
147,Bencze
148,Bendes
149,Bendessy
150,Bendesy
151,Bene
152,Beneda
153,Benedek
154,Benes
155,Benesch
156,Benke
157,Benkovszky
158,Benkó
159,Benkő
160,Benyovits
161,Benyó
162,Berczel
163,Berecz
164,Bereczky
165,Bereghy
166,Berencsy
167,Beretics
168,Beretz
169,Beretzky
170,Berger
171,Bergsmann
172,Berkes
173,Bernauer
174,Bernáth
175,Berta
176,Bertalan
177,Beránek
178,Berényi
179,Betsey
180,Beösze
181,Beősze
182,Bicskey
183,Biegelbauer
184,Bihary
185,Bikich
186,Bikics
187,Bikits
188,Bilkay
189,Birkl
190,Birkus
191,Biró
192,Bischof
193,Bischoff
194,Bisitz
195,Biszterszki
196,Bitter
197,Bittera
198,Bittner
199,Blaha
200,Blahó
201,Blary
202,Blaschnek
203,Blasinger
204,Blaskó
205,Blasnek
206,Blazsek
207,Blum
208,Blázsek
209,Blázy
210,Blöch
211,Blöckinger
212,Boba
213,Bobor
214,Bocke
215,Bocz
216,Boda
217,Bodnár
218,Bodor
219,Bodrog
220,Bodrogi
221,Bodák
222,Bodó
223,Bogdándy
224,Bogisich
225,Bognár
226,Bogár
227,Bogáthy
228,Boinitzer
229,Bolcsik
230,Boldog
231,Boleman
232,Bolemann
233,Bolgár
234,Bolla
235,Bolvánszky
236,Bolváry
237,Boné
238,Borbás
239,Borbély
240,Bordás
241,Bori
242,Boronkai
243,Boronkay
244,Boros
245,Borostyán
246,Borovits
247,Borsodi
248,Borsody
249,Borsos
250,Borsosföldi
251,Borsosföldy
252,Borsós
253,Borvendég
254,Bory
255,Borzsák
256,Boschán
257,Bosnyákovits
258,Bossányi
259,Bosányi
260,Bottyáni
261,Bozzay
262,Boér
263,Bradách
264,Brandt
265,Braun
266,Braunstein
267,Breitenbach
268,Breitkopf
269,Brestyánszky
270,Brett
271,Brettschneider
272,Breuer
273,Brezovsky
274,Briestyánszky
275,Brodesser
276,Brosek
277,Brucker
278,Bruha
279,Brukker
280,Brust
281,Bruszt
282,Brányi
283,Brányik
284,Bráth
285,Bródy
286,Brück
287,Brüll
288,Buchelt
289,Buchgraber
290,Bucsi
291,Bucsánszky
292,Budai
293,Buday
294,Budó
295,Bugyi
296,Bukovszky
297,Bunyitay
298,Burg
299,Burger
300,Burián
301,Burján
302,Burkus
303,Busehor
304,Buttler
305,Buzay
306,Buzáth
307,Bába
308,Bácker
309,Bácsinszky
310,Bácskai
311,Báldy
312,Báli
313,Bálint
314,Bálványi
315,Bán
316,Bánfai
317,Bánfi
318,Bánlaky
319,Bányai
320,Bányay
321,Bánó
322,Bárczi
323,Bárczy
324,Bárdi
325,Bárdos
326,Bársony
327,Bártl
328,Bárán
329,Bárány
330,Básics
331,Bátonyi
332,Bátori
333,Bátory
334,Bécsy
335,Békehegyi
336,Békéfi
337,Békési
338,Bém
339,Bényei
340,Bérczi
341,Bérezi
342,Bérényi
343,Bézsenyi
344,Bíró
345,Bódai
346,Bódis
347,Bódy
348,Bóka
349,Bödecs
350,Böhm
351,Böke
352,Bölcsházy
353,Bölcskei
354,Böröcz
355,Bőhm
356,Bősinger
357,Cavalloni
358,Cenner
359,Chobola
360,Chobota
361,Chyzer
362,Clauser
363,Crempeltz
364,Crempola
365,Csaba
366,Csabai
367,Csajka
368,Csanády
369,Csapiár
370,Csapiáros
371,Csaplovich
372,Csapláros
373,Csapó
374,Csatay
375,Csatáry
376,Csaudáry
377,Csefkó
378,Cseh
379,Cseke
380,Cselkó
381,Csendes
382,Csenteritz
383,Csepke
384,Csepreghy
385,Cser
386,Cserey
387,Cserhalmi
388,Csernovics
389,Cservenka
390,Csete
391,Csics
392,Csicsai
393,Csicsery
394,Csicsmanczay
395,Csides
396,Csik
397,Csikász
398,Csikós
399,Csiliéri
400,Csillag
401,Csilléry
402,Csiszlár
403,Csiszár
404,Csite
405,Csizmadia
406,Csizmazia
407,Csomay
408,Csongár
409,Csonka
410,Csontos
411,Csonták
412,Csorna
413,Csornai
414,Csukás
415,Csupor
416,Csákberky
417,Csáki
418,Csányi
419,Csármann
420,Császár
421,Csébi
422,Cséfai
423,Csóka
424,Csóry
425,Csögör
426,Csöppüs
427,Czagányi
428,Czaha
429,Czakó
430,Czapp
431,Czebe
432,Czeber
433,Czeisz
434,Czellaó
435,Czenner
436,Czibor
437,Cziczli
438,Cziegler
439,Czigány
440,Czike
441,Czimmermann
442,Czitrom
443,Czotter
444,Czvitkovics
445,Czvitkovits
446,Czárán
447,Czéber
448,Czéh
449,Dallos
450,Dancs
451,Dancsa
452,Danizy
453,Dankos
454,Dankovszky
455,Dankowsky
456,Danzer
457,Darabos
458,Darnay
459,Daruba
460,Daruvári
461,Darvas
462,Darvassy
463,Darvasy
464,Daunterer
465,Debreczeny
466,Debreczenyi
467,Debski
468,Decsy
469,Deme
470,Demeter
471,Demján
472,Demjén
473,Demkó
474,Demény
475,Dene
476,Denne
477,Detrich
478,Deutsch
479,Devecis
480,Dezső
481,Deák
482,Dieballa
483,Dienes
484,Dimák
485,Dinda
486,Dingha
487,Dittrich
488,Diósi
489,Diószeghy
490,Diószegi
491,Dlauchy
492,Dobján
493,Dobos
494,Dobrai
495,Dobrossy
496,Dobrosy
497,Dobrovits
498,Dobrovolszky
499,Dobry
500,Dobrzyniecky
501,Dobrády
502,Dobó
503,Dodek
504,Doehner
505,Doktay
506,Dokuly
507,Domanyek
508,Domonkos
509,Domsa
510,Donáth
511,Dorogsághy
512,Drach
513,Dratsay
514,Drechsler
515,Drencsik
516,Drescher
517,Dressler
518,Dreszler
519,Dritomszky
520,Drágffy
521,Drégely
522,Duday
523,Dudái
524,Dudás
525,Duka
526,Dukovits
527,Dulcsán
528,Dull
529,Dulácska
530,Dura
531,Durucz
532,Dusárdy
533,Dzsálya
534,Dániel
535,Dénes
536,Déri
537,Dévai
538,Dévény
539,Dómján
540,Döchner
541,Dömsödi
542,Dömök
543,Dömötör
544,Dörflinger
545,Dürr
546,D’Ouvenou
547,Eberling
548,Eckenberg
549,Ecséry
550,Egerházy
551,Egressy
552,Egri
553,Egyed
554,Együd
555,Ehrlich
556,Eisenstock
557,Elbert
558,Eleméry
559,Elischer
560,Eller
561,Előd
562,Emerich
563,Emmer
564,Emmerich
565,Emmerling
566,Emperl
567,Emyei
568,Emőd
569,Enberger
570,Endrei
571,Endrey
572,Engel
573,Engelbach
574,Engelhardt
575,Engler
576,Englerth
577,Enyingi
578,Enyvvári
579,Eperjessy
580,Erczhegyi
581,Erdélyi
582,Erdész
583,Erdődy
584,Erdős
585,Erdősi
586,Erdőssi
587,Erdősí
588,Erhardt
589,Erményi
590,Ernyei
591,Ernőd
592,Erényi
593,Erős
594,Erőss
595,Eszláry
596,Esztergályos
597,Evva
598,Ewinger
599,Eördögh
600,Eőrsi
601,Eőry
602,Fa
603,Fadgyas
604,Fah
605,Faller
606,Faludy
607,Falvai
608,Fapp
609,Faragó
610,Farbinger
611,Farkas
612,Farnady
613,Fazekas
614,Fecske
615,Fegyveres
616,Fehér
617,Fehérvári
618,Fejes
619,Fejér
620,Fekete
621,Fekets
622,Feleki
623,Felter
624,Fent
625,Fenyves
626,Fenyő
627,Ferenc
628,Ferencz
629,Ferenczi
630,Ferenczy
631,Festetics
632,Feszeli
633,Feszely
634,Feszelyi
635,Feszi
636,Fetter
637,Fettick
638,Fiala
639,Filgóssy
640,Finta
641,Fischer
642,Fissinger
643,Flanyek
644,Fleischer
645,Fliegl
646,Fochler
647,Fock
648,Fodor
649,Fogarassy
650,Folkusházy
651,Forberger
652,Forisek
653,Forrai
654,Forster
655,Forstner
656,Fraenkel
657,Frank
658,Frankfurti
659,Franki
660,Frankl
661,Frankovits
662,Frecskay
663,Frenyó
664,Frey
665,Frick
666,Fridrich
667,Friebeisz
668,Friedmann
669,Friedrich
670,Frimel
671,Fritsch
672,Frivaldszky
673,Frágner
674,Fráter
675,Frólik
676,Fuchs
677,Funk
678,Furebl
679,Furka
680,Futó
681,Fábián
682,Fái
683,Fájli
684,Fáy
685,Fél
686,Fóris
687,Födi
688,Földes
689,Földessy
690,Földváry
691,Földy
692,Fölkel
693,Förstner
694,Füle
695,Fülepp
696,Fülöp
697,Füredi
698,Füredy
699,Füry
700,Füstér
701,Füstös
702,Füzy
703,Füzér
704,Fűzy
705,Gacsáry
706,Gadányi
707,Gajzágó
708,Gajári
709,Gajáry
710,Gajárí
711,Galambos
712,Gallina
713,Gallovich
714,Galló
715,Gammel
716,Gang
717,Garai
718,Garam
719,Garami
720,Garancsy
721,Garay
722,Gasparics
723,Gattein
724,Gavalya
725,Gavora
726,Gayer
727,Gazsi
728,Gaál
729,Gebhardt
730,Geböck
731,Gebök
732,Gebők
733,Gecső
734,Gedei
735,Geiger
736,Gelencsér
737,Gelléri
738,Gellért
739,Genersich
740,Gere
741,Gerencsér
742,Gerenday
743,Gerendi
744,Gergely
745,Gergelyi
746,Gerger
747,Gergye
748,Gerle
749,Gerlóczy
750,Gerrithon
751,Gerritsen
752,Geschader
753,Gescháder
754,Ginzery
755,Girch
756,Glasz
757,Glatz
758,Glosz
759,Glósz
760,Goczán
761,Goda
762,Godán
763,Gogolák
764,Goldberger
765,Goldner
766,Goldzieher
767,Gombkötő
768,Gonda
769,Gorecky
770,Goreczky
771,Goszleth
772,Gosztonyi
773,Gottlieb
774,Grabovszky
775,Grabowski
776,Grabowszki
777,Graf
778,Grecsák
779,Grecsó
780,Greisinger
781,Greizinger
782,Grigoli
783,Grigár
784,Grill
785,Grimm
786,Grolig
787,Grollg
788,Grosser
789,Grosz
790,Groszmann
791,Gruber
792,Gráf
793,Gróf
794,Grósz
795,Grünwald
796,Guckler
797,Gugán
798,Gulyás
799,Gutfreund
800,Guvelinger
801,Gyalog
802,Gyalokai
803,Gyapay
804,Gyenes
805,Gyenge
806,Gyomoréi
807,Gyulai
808,Gyurinovich
809,Gyurkovich
810,Gyurkovits
811,Gyurmann
812,Gyurmán
813,Gyurótsik
814,Gyökér
815,Gyömörey
816,Györffy
817,Gyürke
818,Győrffy
819,Győrfi
820,Győri
821,Győrök
822,Gábor
823,Gábriel
824,Gácsi
825,Gácsy
826,Gájer
827,Gál
828,Gárdonyi
829,Gárdos
830,Gártner
831,Gáspár
832,Gáspárdy
833,Göbel
834,Gödöllei
835,Gödöny
836,Gömöry
837,Gönczi
838,Göndöcs
839,Gúth
840,Günther
841,Gőbel
842,Haas
843,Haberern
844,Haberhauer
845,Hackermüller
846,Hadzsy
847,Haffner
848,Hagymássy
849,Hagyó
850,Hahnel
851,Haidekker
852,Hainiss
853,Haintz
854,Hajda
855,Hajdu
856,Hajdú
857,Hajnal
858,Hajnos
859,Hajnóczky
860,Hajós
861,Halabúk
862,Halbauer
863,Hallamásek
864,Hallamássek
865,Hallóssy
866,Halm
867,Halmai
868,Halmos
869,Halácsy
870,Halász
871,Hamar
872,Hammer
873,Hamvassy
874,Hamvasy
875,Hamza
876,Handler
877,Hantos
878,Hanusz
879,Hanuszek
880,Hanvai
881,Hanzély
882,Hanák
883,Haraszti
884,Harcz
885,Haris
886,Harmath
887,Harmos
888,Harrai
889,Harray
890,Harrer
891,Harsányi
892,Hart
893,Hartai
894,Harth
895,Hartmann
896,Harámi
897,Hasenfeld
898,Haslinger
899,Haszmann
900,Hatolkai
901,Hatolkay
902,Hatos
903,Hauschild
904,Hauszner
905,Havas
906,Havass
907,Hazafy
908,Hebelt
909,Hebentanz
910,Hefkó
911,Hegedűs
912,Hegyi
913,Hegyváry
914,Heidler
915,Heinzman
916,Heisler
917,Helfenberger
918,Hellmer
919,Hellmich
920,Helmschmidt
921,Heltai
922,Helvey
923,Hembach
924,Henszelman
925,Henszelmann
926,Herczeg
927,Herczel
928,Herein
929,Herkner
930,Hermann
931,Hermán
932,Herok
933,Herold
934,Herpka
935,Hertelendi
936,Hertelendy
937,Hertendi
938,Hertendy
939,Hertli
940,Hessky
941,Hetessy
942,Hettyey
943,Hetényi
944,Heuffel
945,Heuman
946,Heumann
947,Heves
948,Hevesi
949,Heyl
950,Hidassy
951,Hieronymi
952,Hiesz
953,Hilbert
954,Hiller
955,Hincz
956,Hinterschek
957,Hirsch
958,Hirschler
959,Hittner
960,Hlatky
961,Hlavkay
962,Hochbaum
963,Hochhalt
964,Hochholczer
965,Hock
966,Hockl
967,Hofbauer
968,Hoffer
969,Hoffmann
970,Hofhauser
971,Hofher
972,Hofmann
973,Hofner
974,Holba
975,Holl
976,Hollentoner
977,Holló
978,Hollós
979,Holtzspach
980,Holub
981,Homoky
982,Homonnay
983,Honffy
984,Honig
985,Honyek
986,Hornok
987,Hornyok
988,Hornyák
989,Horony
990,Horpáczky
991,Horti
992,Hortobágyi
993,Horvatics
994,Horvát
995,Horváth
996,Horváthy
997,Horánszky
998,Hosszú
999,Houska
1000,Hoós
1001,Hruby
1002,Hubatsek
1003,Hubay
1004,Huber
1005,Hubert
1006,Huck
1007,Hudomel
1008,Hugyecz
1009,Hujber
1010,Hulényi
1011,Humayer
1012,Hunyadi
1013,Hunyady
1014,Huschek
1015,Huschek-Blaha
1016,Huszár
1017,Hyross
1018,Hálák
1019,Hámory
1020,Hándler
1021,Hányi
1022,Háringáts
1023,Háry
1024,Hátas
1025,Házas
1026,Héjj
1027,Hódy
1028,Hóiba
1029,Höfle
1030,Hölle
1031,Hörcher
1032,Hörk
1033,Hübner
1034,Hügel
1035,Hültl
1036,Hümpfner
1037,Hőfle
1038,Hőnig
1039,Hős
1040,Igali
1041,Igaly
1042,Ihász
1043,Ilkey
1044,Illyefalvi
1045,Illés
1046,Illési
1047,Ilsemann
1048,Imhof
1049,Incze
1050,Ipoly
1051,Irsai
1052,Irányi
1053,Ispán
1054,Isskruljev
1055,István
1056,Iszer
1057,Isépy
1058,Ivnoll
1059,Iváncsó
1060,Ivánfi
1061,Ivánka
1062,Ivánszky
1063,Izsó
1064,Jablonszky
1065,Jaczó
1066,Jagasich
1067,Jagicza
1068,Jakab
1069,Jakoby
1070,Jakopovits
1071,Jakubecz
1072,Jaminsky
1073,Jaminszky
1074,Jancsovits
1075,Jancsó
1076,Janda
1077,Janek
1078,Janics
1079,Janicsek
1080,Jankovich
1081,Jankovits
1082,Jankó
1083,Janny
1084,Janovics
1085,Janovits
1086,Jantsovits
1087,Jaros
1088,Jarosch
1089,Jarács
1090,Jauernik
1091,Jehring
1092,Jelenek
1093,Jellenek
1094,Jeney
1095,Jeny
1096,Jordán
1097,Josvay
1098,Joó
1099,Joós
1100,Juhász
1101,Junger
1102,Jurenák
1103,Juventius
1104,Jáger
1105,Jákobi
1106,Jákubecz
1107,Jámbor
1108,Járdek
1109,Járitz
1110,Jármay
1111,Járó
1112,Jászai
1113,Jászffy
1114,Jászfy
1115,Jécsy
1116,Jékly
1117,Jósa
1118,Jósvay
1119,Józan
1120,Józsa
1121,K
1122,K.
1123,Kabarcz
1124,Kabdebó
1125,Kacskovics
1126,Kacsur
1127,Kacsóh
1128,Kacziány
1129,Kada
1130,Kadenszki
1131,Kaiser
1132,Kajlinger
1133,Kallaus
1134,Kallós
1135,Kalmár
1136,Kamocsay
1137,Kamrás
1138,Kapcza
1139,Kapeller
1140,Kapy
1141,Karaffa
1142,Karalyos
1143,Karaszek
1144,Karczag
1145,Kardon
1146,Kardos
1147,Kares
1148,Karg
1149,Karkas
1150,Karlovitz
1151,Karner
1152,Karsay
1153,Karányi
1154,Karés
1155,Kasenczky
1156,Kaszper
1157,Kaszás
1158,Katinszky
1159,Katona
1160,Kattausch
1161,Katzer
1162,Kaufmann
1163,Kauser
1164,Kavanda
1165,Kazacsay
1166,Kazimir
1167,Kazinczy
1168,Kazár
1169,Kaál
1170,Kecskeméthy
1171,Kecskeméti
1172,Kecskés
1173,Keil
1174,Kelecsényi
1175,Kelemen
1176,Keleti
1177,Kellel*
1178,Keller
1179,Kellner
1180,Kelndorfer
1181,Kelner
1182,Kempelen
1183,Kemény
1184,Kende
1185,Kenesei
1186,Kerecsényi
1187,Keresztes
1188,Keresztury
1189,Keresztúri
1190,Kernács
1191,Kerstner
1192,Kertész
1193,Kerék
1194,Kerékgyártó
1195,Kerényi
1196,Keserű
1197,Keszler
1198,Kiliti
1199,Kilius
1200,Kimig
1201,Kinczly
1202,Kintzly
1203,Kirch
1204,Kirchknopf
1205,Kirchner
1206,Kiripolszky
1207,Kirner
1208,Kirtzan
1209,Király
1210,Kis
1211,Kis-Erős
1212,Kis-Szölgyémi
1213,Kiss
1214,Kisujfalusi
1215,Kiszela
1216,Kiticsán
1217,Kizdián
1218,Kiébert
1219,Klapper
1220,Klaudy
1221,Klausz
1222,Kleeberg
1223,Klein
1224,Kleisz
1225,Klemens
1226,Klement
1227,Klemm
1228,Klenim
1229,Klenovits
1230,Kliburszky
1231,Kliczpera
1232,Klim
1233,Klimkó
1234,Klunzinger
1235,Klánik
1236,Klázer
1237,Kneisz
1238,Knoll
1239,Knotz
1240,Kobelrausch
1241,Kobler
1242,Kobor
1243,Koburger
1244,Koch
1245,Kocsis
1246,Kocsy
1247,Koffler
1248,Kohlert
1249,Kohlért
1250,Kohuth
1251,Kokesch
1252,Kolbányi
1253,Koller
1254,Kollmann
1255,Kollár
1256,Kolmann
1257,Kolompár
1258,Kolonics
1259,Kolonits
1260,Kolozsvári
1261,Kolpaszky
1262,Kolár
1263,Komjáti
1264,Komlódy
1265,Komlósi
1266,Komlóssy
1267,Komorovszky
1268,Komoróczy
1269,Komzsik
1270,Komáromi
1271,Komáromy
1272,Konecsni
1273,Kontsek
1274,Konyusik
1275,Kopcsányi
1276,Kopeczky
1277,Kopp
1278,Korb
1279,Koren
1280,Koritsánszky
1281,Korláth
1282,Kormonyák
1283,Kormoss
1284,Kornai
1285,Kornitzky
1286,Kornya
1287,Korona
1288,Koronthály
1289,Kortsák
1290,Korányi
1291,Korén
1292,Korény
1293,Koródy
1294,Koszorú
1295,Kosztolányi
1296,Kovaltsik
1297,Kovách
1298,Kovács
1299,Kovácsy
1300,Kováts
1301,Kozma
1302,Koznia
1303,Kozáky
1304,Kozáry
1305,Koós
1306,Kracker
1307,Krajcsics
1308,Kranitz
1309,Krazl
1310,Kreizler
1311,Kren
1312,Krepelka
1313,Krepuska
1314,Kreszula
1315,Kricsfalvi
1316,Kricsfalvy
1317,Kriegler
1318,Krisztinkovich
1319,Krompholcz
1320,Kroner
1321,Kronits
1322,Krupcsák
1323,Král
1324,Králik
1325,Králl
1326,Kránitz
1327,Krátky
1328,Kráuthl
1329,Krázl
1330,Krémer
1331,Krémmer
1332,Krénusz
1333,Krónits
1334,Kubinyi
1335,Kubinyák
1336,Kuchinka
1337,Kucsera
1338,Kuczkay
1339,Kugler
1340,Kuhar
1341,Kujarik
1342,Kulcsár
1343,Kuli
1344,Kulifay
1345,Kulik
1346,Kullmann
1347,Kun
1348,Kuna
1349,Kunszt
1350,Kurfürst
1351,Kurmann
1352,Kurtz
1353,Kurucz
1354,Kurzbacher
1355,Kustár
1356,Kusztos
1357,Kutassy
1358,Kutsera
1359,Kuzder
1360,Kuzmik
1361,Kuzsinszky
1362,Kvitskó
1363,Kácz
1364,Kádas
1365,Kájlinger
1366,Kákics
1367,Káldor
1368,Kálhok
1369,Kállai
1370,Kállay
1371,Kálmánczhelyi
1372,Kály
1373,Kánai
1374,Kántor
1375,Kárg
1376,Kárgli
1377,Kármán
1378,Károlyi
1379,Kárpáti
1380,Kégl
1381,Képiró
1382,Kéri
1383,Kési
1384,Késmárki
1385,Kíss
1386,Kóbor
1387,Kókai
1388,Kónya
1389,Kórody
1390,Kóródy
1391,Kóta
1392,Köberling
1393,Ködmencsi
1394,Kölber
1395,Köllő
1396,Kölüs
1397,Kömives
1398,Köncs
1399,König
1400,Könnye
1401,Könye
1402,Könyves
1403,Könyöki
1404,Körmendi
1405,Környei
1406,Körtvélyesi
1407,Körös
1408,Körösi
1409,Kötél
1410,Kövesi
1411,Kürschner
1412,Kürtös
1413,Kőhalmi
1414,Kőmives
1415,Kőműves
1416,Kőrösy
1417,Kőszegi
1418,Kővári
1419,LKovács
1420,Lacsny
1421,Lacuska
1422,Laczkovich
1423,Laczkó
1424,Laczó
1425,Ladányi
1426,Lahocsinszky
1427,Lajosfalvi
1428,Lakatos
1429,Lakits
1430,Lakner
1431,Lakos
1432,Laky
1433,Lamotte
1434,Lampert
1435,Lampl
1436,Langer
1437,Lantossy
1438,Lantosy
1439,Lappert
1440,Laskovics
1441,Laskovits
1442,Lassányi
1443,Laszip
1444,Latky
1445,Lau
1446,Lauber
1447,Lauer
1448,Laumann
1449,Lautner
1450,Lavotha
1451,Lavotta
1452,Layer
1453,Laza
1454,Lazmann
1455,Lebanovits
1456,Lebánovits
1457,Lechner
1458,Lederer
1459,Ledényi
1460,Leidenfrost
1461,Leipold
1462,Leitkam
1463,Lendvai
1464,Lendvay
1465,Lendér
1466,Lengyel
1467,Lenkei
1468,Lenkey
1469,Leszik
1470,Lexa
1471,Leár
1472,Liber
1473,Lichtmann
1474,Licskó
1475,Liebold
1476,Liftner
1477,Linczenpolcz
1478,Lindauer
1479,Lindenbach
1480,Lindenmayer
1481,Lindl
1482,Linhart
1483,Linzbauer
1484,Lipkay
1485,Lipovecz
1486,Lipovetz
1487,Liptay
1488,Lipthay
1489,Lipták
1490,Lipóczy
1491,Lipót
1492,Liskovetz
1493,Liskowetz
1494,Lissauer
1495,Liszkai
1496,Liszkay
1497,Lisznay
1498,Litauszky
1499,Lobmajer
1500,Lobmayer
1501,Lobniayer
1502,Lohr
1503,Lombay
1504,Losczák
1505,Lovas
1506,Lovasy
1507,Lovász
1508,Luboviensky
1509,Lubovienszky
1510,Ludmányi
1511,Ludvigh
1512,Ludvik
1513,Ludwig
1514,Ludwigh
1515,Lufcsik
1516,Luizer
1517,Luka
1518,Lukács
1519,Lukácsi
1520,Lukácsy
1521,Lung
1522,Luzsa
1523,Lyachovics
1524,Ládi
1525,Láng
1526,Lángos
1527,Lártg
1528,László
1529,Lázié
1530,Lázár
1531,Léczian
1532,Léczián
1533,Léman
1534,Lénárd
1535,Lénárt
1536,Léránt
1537,Lóránt
1538,Lökös
1539,Lörincz
1540,Löv
1541,Löwenstein
1542,Löwenstin
1543,Löwinger
1544,Lőbl
1545,Lőrincz
1546,Lőwenstein
1547,L’Auné
1548,Maass
1549,Machan
1550,Machay
1551,Machán
1552,Maczeovits
1553,Madary
1554,Madarász
1555,Madzsar
1556,Magdics
1557,Magyar
1558,Magyarevics
1559,Magyarevits
1560,Majer
1561,Major
1562,Majoros
1563,Majorossy
1564,Majthényi
1565,Makay
1566,Makó
1567,Malaky
1568,Malmos
1569,Manchen
1570,Mandel
1571,Mandák
1572,Manger
1573,Manzéger
1574,Marcsiny
1575,Marczinka
1576,Marczinkievicz
1577,Marenits
1578,Marics
1579,Marits
1580,Markovich
1581,Markovits
1582,Markusovszky
1583,Markó
1584,Marközy
1585,Marosfy
1586,Marosi
1587,Marossy
1588,Marschalko
1589,Marschner
1590,Marsovszky
1591,Martin
1592,Martinkovics
1593,Martinkó
1594,Martiny
1595,Marton
1596,Martos
1597,Masa
1598,Maschek
1599,Masek
1600,Matauschek
1601,Mathievics
1602,Mathievits
1603,Matlag
1604,Matolay
1605,Mattyasovszky
1606,Matusek
1607,Matuska
1608,Matzinger
1609,Maurer
1610,Max
1611,Maydánszky
1612,Mayer
1613,Maár
1614,Mechtler
1615,Medgyessy
1616,Medl
1617,Medve
1618,Medveczky
1619,Megele
1620,Megyery
1621,Meixner
1622,Melega
1623,Melegh
1624,Melha
1625,Melkó
1626,Melly
1627,Mellye
1628,Mellyes
1629,Menczlik
1630,Mergenthaler
1631,Mergenthaller
1632,Merkefka
1633,Merschitz
1634,Messik
1635,Meszlényi
1636,Metzger
1637,Meubauer
1638,Mezei
1639,Mezey
1640,Michál
1641,Mihalik
1642,Mihálovits
1643,Mihály
1644,Mihályfi
1645,Mihályfy
1646,Mihályik
1647,Mihálykovics
1648,Mikes
1649,Miklós
1650,Mikolay
1651,Miksits
1652,Mikóczi
1653,Milassin
1654,Mild
1655,Milei
1656,Miller
1657,Milus
1658,Minich
1659,Minárik
1660,Mirsch
1661,Miskay
1662,Miske
1663,Miskovics
1664,Miskó
1665,Modossy
1666,Modrovich
1667,Mohán
1668,Mohó
1669,Mojsisovics
1670,Moldován
1671,Molnár
1672,Monó
1673,Morbitzer
1674,Morelli
1675,Morengl
1676,Morent
1677,Morlin
1678,Mosch
1679,Mosdóssy
1680,Mosdósy
1681,Mossonyi
1682,Mottl
1683,Moór
1684,Muchmayer
1685,Muk
1686,Mukk
1687,Murányi
1688,Muskovics
1689,Muskovits
1690,Musza
1691,Mutzer
1692,Muzs
1693,Muzsik
1694,Muzsikó
1695,Mácsady
1696,Mándy
1697,Mánk
1698,Márffy
1699,Márher
1700,Márkly
1701,Márkus
1702,Márton
1703,Mártonffy
1704,Mártzig
1705,Máthé
1706,Mátlié
1707,Máté
1708,Mátéfy
1709,Mátékovics
1710,Méro
1711,Mérő
1712,Mészáros
1713,Móry
1714,Mósch
1715,Mózer
1716,Mühl
1717,Mühlrad
1718,Müllender
1719,Müller
1720,Mündl
1721,Münz
1722,Nagv
1723,Nagy
1724,Narancsik
1725,Narantsik
1726,Naszádi
1727,Navratil
1728,Nelhübel
1729,Nemesszeghy
1730,Nesztor
1731,Neu
1732,Neubauer
1733,Neuberg
1734,Neuhauser
1735,Neumann
1736,Nevelics
1737,Nevelits
1738,Ney
1739,Nicora
1740,Niederkirchner
1741,Niedzivulszky
1742,Niessner
1743,Niesz
1744,Nieszner
1745,Nikoletti
1746,Nirschy
1747,Nisponszky
1748,Nizsnánszky
1749,Noel
1750,Noszlopi
1751,Noszlopy
1752,Novak
1753,Novaky
1754,Novelly
1755,Novotni
1756,Novotny
1757,Novák
1758,Nováky
1759,Noé
1760,Noél
1761,Nyerges
1762,Nyiri
1763,Nyiry
1764,Nyirő
1765,Nyitrai
1766,Nyáry
1767,Nyéki
1768,Nád
1769,Nádas
1770,Nádaskay
1771,Nádory
1772,Nékám
1773,Német
1774,Németh
1775,Némethy
1776,Nők
1777,Oberle
1778,Obermayer
1779,Ocskay
1780,Odor
1781,Odry
1782,Ohler
1783,Ohlhauser
1784,Olicsek
1785,Oláh
1786,Onhaiser
1787,Onhauser
1788,Opitz
1789,Oppenheim
1790,Oravecz
1791,Orbanitz
1792,Orbán
1793,Orczy
1794,Orendács
1795,Orosz
1796,Oroszlán
1797,Ország
1798,Orágffy
1799,Osapay
1800,Ostián
1801,Ostyáni
1802,Osváth
1803,Oszlik
1804,Oszoli
1805,Osztermann
1806,Osztian
1807,Osztoits
1808,Ozorai
1809,Paczona
1810,Pados
1811,Pajor
1812,Pajzs
1813,Paksi
1814,Pallér
1815,Palotai
1816,Pandel
1817,Pandics
1818,Pandur
1819,Pandurovics
1820,Pandurovits
1821,Pandúr
1822,Pankuch
1823,Panovicz
1824,Panovitz
1825,Panyi
1826,Pap
1827,Papp
1828,Papperth
1829,Papperül
1830,Parsche
1831,Pascu
1832,Pataki
1833,Pató
1834,Pauer
1835,Paulay
1836,Paulikovics
1837,Paulikovits
1838,Paulovits
1839,Pauly
1840,Pavalacs
1841,Payer
1842,Payper
1843,Peckl
1844,Pecsics
1845,Pecsis
1846,Peinits
1847,Pek
1848,Pelczer
1849,Peller
1850,Perger
1851,Pertik
1852,Peschky
1853,Peskó
1854,Pesthy
1855,Pesti
1856,Petheő
1857,Petretz
1858,Petrik
1859,Petrovics
1860,Petrovits
1861,Petruska
1862,Petrás
1863,Petrássy
1864,Petrásy
1865,Petró
1866,Petróczy
1867,Pettykó
1868,Pettykő
1869,Petzrik
1870,Pető
1871,Pfeiffer
1872,Philipp
1873,Pichelmayer
1874,Pichler
1875,Piday
1876,Pigniczki
1877,Pikler
1878,Pikószky
1879,Piller
1880,Pillér
1881,Pinke
1882,Pinsker
1883,Pintér
1884,Piperkovics
1885,Piperkovits
1886,Pirger
1887,Piros
1888,Pirovits
1889,Pischoff
1890,Piszker
1891,Piszlinger
1892,Pitlik
1893,Placht
1894,Plachy
1895,Planer
1896,Platskó
1897,Platthy
1898,Plech
1899,Plichta
1900,Plininger
1901,Pluchár
1902,Pláner
1903,Pobuda
1904,Podluzsánszky
1905,Podmanitzky
1906,Pogány
1907,Pohl
1908,Pok
1909,Pokieser
1910,Pokieszer
1911,Pokomándy
1912,Pokorny
1913,Polereczky
1914,Poleretzky
1915,Polgár
1916,Pollermann
1917,Polányi
1918,Pongrácz
1919,Popelka
1920,Poppel
1921,Porpáczy
1922,Posgay
1923,Poszpischl
1924,Posztobányi
1925,Pottornyay
1926,Pozna
1927,Pozsgai
1928,Pozsgay
1929,Poór
1930,Prajmayer
1931,Prasszer
1932,Preisich
1933,Preisz
1934,Preuszner
1935,Pribil
1936,Pribék
1937,Prickelmayer
1938,Prikelmayer
1939,Prikk
1940,Pritz
1941,Prochnov
1942,Prohászka
1943,Prokesch
1944,Prokopp
1945,Protzer
1946,Prónay
1947,Pröckl
1948,Prückler
1949,Puchwald
1950,Pukkel
1951,Pulay
1952,Puntigám
1953,Purebl
1954,Purjesz
1955,Purtzl
1956,Putz
1957,Pádár
1958,Páhn
1959,Pákay
1960,Pákh
1961,Pál
1962,Pálffy
1963,Pálfi
1964,Pálföldy
1965,Pálka
1966,Pálmay
1967,Pálmán
1968,Pálos
1969,Pálovics
1970,Pálya
1971,Pápa
1972,Pápai
1973,Pápay
1974,Pártzer
1975,Pártényi
1976,Pásztory
1977,Pátkai
1978,Pázmán
1979,Péchy
1980,Pécsei
1981,Pédery
1982,Pék
1983,Pékli
1984,Pénzes
1985,Péter
1986,Pócza
1987,Póhl
1988,Pólencz
1989,Pólya
1990,Pólyák
1991,Pózna
1992,Pózner
1993,Pöcze
1994,Pörje
1995,Púk
1996,Pőcze
1997,Pőzel
1998,Quaiszer
1999,Quancz
2000,Rabsch
2001,Radics
2002,Radnai
2003,Radványi
2004,Radó
2005,Ragályi
2006,Raisz
2007,Rajháti
2008,Rajháty
2009,Rajtuk
2010,Raksányi
2011,Rakusz
2012,Ramascder
2013,Ramaseder
2014,Ramaszéder
2015,Ramhab
2016,Rasovszki
2017,Rasovszky
2018,Ratkovszky
2019,Rausz
2020,Raáb
2021,Redl
2022,Rehák
2023,Reichardt
2024,Reichel
2025,Reichl
2026,Reinboth
2027,Reinbotli
2028,Reiner
2029,Reinhardt
2030,Reintz
2031,Reisz
2032,Reisz-Guttay
2033,Reiszberger
2034,Reiter
2035,Reitszam
2036,Reitter
2037,Reitzer
2038,Remete
2039,Reminiczky
2040,Renkei
2041,Renn
2042,Richnavszky
2043,Richnovszky
2044,Richter
2045,Riegler
2046,Rill
2047,Rimanóczy
2048,Rimár
2049,Ripka
2050,Rippert
2051,Riskó
2052,Risztics
2053,Ritoók
2054,Ritschel
2055,Ritschl
2056,Rodek
2057,Rogosits
2058,Rokken
2059,Rokonstein
2060,Rokszer
2061,Roller
2062,Rominsky
2063,Rominszki
2064,Romsits
2065,Romy
2066,Ronchi
2067,Rosenberger
2068,Rosenfeld
2069,Rosmanith
2070,Ross
2071,Rosskopf
2072,Rost
2073,Rosta
2074,Rostagni
2075,Roth
2076,Rotter
2077,Rottmayer
2078,Rozant
2079,Rozgonyi
2080,Rozmanith
2081,Rozsa
2082,Rozsnyó
2083,Rozsonics
2084,Rozsovits
2085,Rozsár
2086,Roósz
2087,Roóz
2088,Rubis
2089,Rumbach
2090,Rumbacli
2091,Rupp
2092,Ruppert
2093,Rupánovits
2094,Ruszék
2095,Ruthner
2096,Ruzsovits
2097,Rzepeczky
2098,Rába
2099,Rábai
2100,Rácz
2101,Rákosi
2102,Rákóczy
2103,Ránits
2104,Rátai
2105,Rátonyi
2106,Rátz
2107,Rátái
2108,Ré
2109,Récsei
2110,Rédi
2111,Rédl
2112,Régeni
2113,Régi
2114,Rényi
2115,Répa
2116,Rétesi
2117,Réthy
2118,Rétháti
2119,Rétyi
2120,Révai
2121,Révész
2122,Rézi
2123,Ríeger
2124,Róna
2125,Rónai
2126,Rónay
2127,Róth
2128,Rózant
2129,Rózay
2130,Rózsa
2131,Rózsai
2132,Rózsavölgyi
2133,Rózsás
2134,Rüll
2135,Rőhri
2136,Rőzsényi
2137,Safranek
2138,Sajó
2139,Salamon
2140,Salgó
2141,Saly
2142,Sarlós
2143,Sarudy
2144,Sass
2145,Sauerland
2146,Sauersitz
2147,Sax
2148,Saáry
2149,Saíranek
2150,Scerbovszky
2151,Schaffer
2152,Schaffhauser
2153,Schaffner
2154,Schara
2155,Schaschek
2156,Schauer
2157,Scheder
2158,Scheiber
2159,Scheiter
2160,Schenadek
2161,Scherbaum
2162,Schermann
2163,Schey
2164,Schiebe
2165,Schiebel
2166,Schill
2167,Schiller
2168,Schilling
2169,Schimert
2170,Schimkó
2171,Schindelmann
2172,Schindler
2173,Schleitz
2174,Schlosser
2175,Schmaderer
2176,Schmelhegger
2177,Schmellhegger
2178,Schmelovszky
2179,Schmid
2180,Schmidl
2181,Schmidt
2182,Schmiedinger
2183,Schmiilt
2184,Schneller
2185,Schnierer
2186,Schober
2187,Schramek
2188,Schreiber
2189,Schroll
2190,Schrott
2191,Schröder
2192,Schrőder
2193,Schubert
2194,Schuchtár
2195,Schuler
2196,Schuller
2197,Schusbeck
2198,Schwartz
2199,Schwarz
2200,Schwendtner
2201,Scháffer
2202,Schöberl
2203,Schödl
2204,Schön
2205,Schönberger
2206,Schönhein
2207,Schöpflin
2208,Schülheck
2209,Schütz
2210,Schőberl
2211,Scserbovszky
2212,Sebeit
2213,Sebestyén
2214,Sebák
2215,Sebő
2216,Sebők
2217,Seeber
2218,Seemann
2219,Sehr
2220,Seide
2221,Sellei
2222,Selye
2223,Semsey
2224,Sepsi
2225,Seregi
2226,Seres
2227,Serly
2228,Sidó
2229,Sigl
2230,Sik
2231,Sikety
2232,Siklós
2233,Sikonya
2234,Sillye
2235,Simkó
2236,Simon
2237,Simonchich
2238,Simonffy
2239,Simonics
2240,Simonovits
2241,Simoray
2242,Simsa
2243,Sindelás
2244,Sindler
2245,Sipos
2246,Siposs
2247,Sipöcz
2248,Sipőcz
2249,Sipőtz
2250,Siráki
2251,Siráky
2252,Skhreiber
2253,Skriván
2254,Skultéti
2255,Slunka
2256,Smodics
2257,Softics
2258,Sohr
2259,Solty
2260,Somlyai
2261,Somló
2262,Somodi
2263,Somogyi
2264,Somorjai
2265,Sontagh
2266,Sorbán
2267,Soó
2268,Spannberger
2269,Spath
2270,Spielenberg
2271,Spilenberg
2272,Spillenberg
2273,Springmann
2274,Spánitz
2275,Spányi
2276,Spáth
2277,Stadler
2278,Stahl
2279,Stancz
2280,Stankovics
2281,Stankovits
2282,Stark
2283,Stefanovits
2284,Stefánovits
2285,Steger
2286,Stein
2287,Steindl
2288,Stephani
2289,Stephány
2290,Stepánek
2291,Stern
2292,Stettler
2293,Stettner
2294,Stichleutner
2295,Stifter
2296,Stilfried
2297,Stipanics
2298,Stipics
2299,Stoffer
2300,Stoflitz
2301,Stohansl
2302,Stojanovits
2303,Stokovszky
2304,Stolnicki
2305,Stomm
2306,Strecke
2307,Strempel
2308,Streér
2309,Strigentz
2310,Strobel
2311,Strobl
2312,Stréer
2313,Stróbl
2314,Strósz
2315,Ströszner
2316,Stuchlich
2317,Stuchlicli
2318,Stuhl
2319,Sturza
2320,Stáhly
2321,Stéger
2322,Stéli
2323,Stühmer
2324,Subsilvány
2325,Sugár
2326,Sukola
2327,Sultisz
2328,Sulyok
2329,Sumanovácz
2330,Supka
2331,Svetschin
2332,Svéda
2333,Swoboda
2334,SzHorváth
2335,Szabacsek
2336,Szabadi
2337,Szabady
2338,Szabiár
2339,Szabó
2340,Szabóky
2341,Szadai
2342,Szaday
2343,Szadovszky
2344,Szaiff
2345,Szajbely
2346,Szakacsics
2347,Szakmány
2348,Szakács
2349,Szakái
2350,Szakál
2351,Szalai
2352,Szalay
2353,Szalmási
2354,Szalmássy
2355,Szalmásy
2356,Szalontay
2357,Szalonás
2358,Szaniszló
2359,Szaszovszky
2360,Szecsei
2361,Szedlacsek
2362,Szedlácskó
2363,Szedmáky
2364,Szegő
2365,Szehrlaut
2366,Szeiff
2367,Szeitz
2368,Szekeres
2369,Szekér
2370,Szelecsényi
2371,Szeles
2372,Szelmayer
2373,Szemenyei
2374,Szemenyey
2375,Szemere
2376,Szemerédy
2377,Szemes
2378,Szemethi
2379,Szemethy
2380,Szemián
2381,Szemler
2382,Szende
2383,Szendi
2384,Szendy
2385,Szenessy
2386,Szeniczey
2387,Szenkovich
2388,Szenkovits
2389,Szente
2390,Szentes
2391,Szentesi
2392,Szentessy
2393,Szentgyörgyi
2394,Szentiványi
2395,Szentkeresztfi
2396,Szentkirályi
2397,Szentléleki
2398,Szentmártonyi
2399,Szentpéteri
2400,Szentpétery
2401,Szepessy
2402,Szer
2403,Szerafusz
2404,Szerb
2405,Szerdahelyi
2406,Szerezla
2407,Szervisz
2408,Szervó
2409,Szidon
2410,Szigethy
2411,Szigeti
2412,Szigriszt
2413,Sziklai
2414,Szilberleitner
2415,Szilvássy
2416,Szilvásy
2417,Szily
2418,Sziládi
2419,Szilágyi
2420,Szimély
2421,Szintai
2422,Szinte
2423,Szirmai
2424,Szirmay
2425,Szivitál
2426,Szivós
2427,Szkalka
2428,Szlatiny
2429,Szlavnits
2430,Szlobodnik
2431,Szlovák
2432,Szmodics
2433,Szmodits
2434,Szmrekovszky
2435,Szoboczky
2436,Szokol
2437,Szokola
2438,Szokolay
2439,Szokolik
2440,Szombathely
2441,Szombathelyi
2442,Szombathy
2443,Szomor
2444,Szondy
2445,Szontagh
2446,Szováthy
2447,Szoyka
2448,Sztahora
2449,Sztankovits
2450,Sztarik
2451,Sztarill
2452,Sztraka
2453,Sztrenyák
2454,Szubotics
2455,Szuhaj
2456,Szuhay
2457,Szultos
2458,Szurmák
2459,Szvoboda
2460,Szájbély
2461,Szántay
2462,Szánthó
2463,Szántó
2464,Száraz
2465,Szász
2466,Száva
2467,Szécsenyi
2468,Szécsi
2469,Szécsy
2470,Szécsényi
2471,Székely
2472,Székács
2473,Széles
2474,Széll
2475,Szép
2476,Szíics
2477,Szíjgyártó
2478,Szíjjártó
2479,Színák
2480,Szívós
2481,Szóka
2482,Szöllösy
2483,Szöllősi
2484,Szöts
2485,Szücs
2486,Szüllő
2487,Szüsz
2488,Szőgyi
2489,Szőke
2490,Szőllősi
2491,Szőllősy
2492,Szőnyi
2493,Szőts
2494,Szűcs
2495,Sábián
2496,Sáfár
2497,Sáfáry
2498,Sághy
2499,Sági
2500,Ságody
2501,Sámson
2502,Sándor
2503,Sánta
2504,Sántha
2505,Sári
2506,Sárközy
2507,Sárossy
2508,Sárváry
2509,Sényi
2510,Sík
2511,Sípos
2512,Sóos
2513,Sördén
2514,Sötér
2515,Söveggyártó
2516,Sümeghy
2517,Sőtér
2518,Tabajdi
2519,Tabajdy
2520,Tajthy
2521,Takács
2522,Takáts
2523,Tallum
2524,Tamasek
2525,Tamási
2526,Tamáskovich
2527,Tamáskovits
2528,Tamásy
2529,Tanos
2530,Tar
2531,Tarnóczy
2532,Tary
2533,Tassi
2534,Tatai
2535,Tatár
2536,Tauschler
2537,Tauszk
2538,Teasdale
2539,Tegzes
2540,Telegdy
2541,Teleky
2542,Tencz
2543,Tenk
2544,Tenke
2545,Teplitzky
2546,Terletter
2547,Tertsch
2548,Terényi
2549,Thain
2550,Theil
2551,Theodorovits
2552,Thierry
2553,Thirring
2554,Thomka
2555,Thury
2556,Tibiassi
2557,Tibiássi
2558,Tichler
2559,Till
2560,Timár
2561,Tippner
2562,Tiringer
2563,Tirschl
2564,Titzer
2565,Tkálcsics
2566,Toborffy
2567,Tokody
2568,Toldi
2569,Toldy
2570,Tolnai
2571,Tolnay
2572,Tomanó
2573,Tomor
2574,Tompa
2575,Tompó
2576,Toperczer
2577,Toporai
2578,Toporczi
2579,Tordai
2580,Torday
2581,Tordy
2582,Torgyik
2583,Torma
2584,Torna
2585,Tornyos
2586,Totth
2587,Trapp
2588,Trautmann
2589,Trenkó
2590,Trenyák
2591,Trágy
2592,Trágyi
2593,Tröster
2594,Tuboly
2595,Tujner
2596,Tunyogi
2597,Tupicza
2598,Turchányi
2599,Turcsányi
2600,Turányi
2601,Tábory
2602,Tájber
2603,Tálassy
2604,Téglás
2605,Tézli
2606,Tóth
2607,Tóthfalussy
2608,Tótth
2609,Töreky
2610,Törnek
2611,Török
2612,Törő
2613,Tövis
2614,Tüttő
2615,Tőkés
2616,Tőkési
2617,Ubrik
2618,Udvardy
2619,Udvary
2620,Uhman
2621,Uhmann
2622,Uiás
2623,Ujbányi
2624,Ujfalvi
2625,Ullerich
2626,Ullmann
2627,Ulrik
2628,Undi
2629,Unger
2630,Unterberg
2631,Unyi
2632,Uray
2633,Urbanovics
2634,Urbán
2635,Urik
2636,Urs
2637,Ursics
2638,Utry
2639,Uzsák
2640,Vadas
2641,Vadkerti
2642,Vadkerty
2643,Vadon
2644,Vadász
2645,Vagyák
2646,Vajda
2647,Vajdafy
2648,Vajna
2649,Vakarcs
2650,Valentini
2651,Valovits
2652,Valpatits
2653,Valter
2654,Valtinyi
2655,Való
2656,Vancsura
2657,Vanger
2658,Vaniss
2659,Vankovics
2660,Varga
2661,Vargha
2662,Varjas
2663,Varjú
2664,Varró
2665,Varsányi
2666,Vas
2667,Vaskó
2668,Vass
2669,Vastag
2670,Vasvári
2671,Vasyilievits
2672,Vaszary
2673,Vaszilievits
2674,Vaszy
2675,Vatai
2676,Vati
2677,Vavró
2678,Vecsei
2679,Vecsey
2680,Vellay
2681,Venczell
2682,Vendéghegyi
2683,Veres
2684,Veress
2685,Vermes
2686,Vesetcky
2687,Vesetzky
2688,Veszély
2689,Vető
2690,Vezdin
2691,Vezér
2692,Viasz
2693,Viczko
2694,Vida
2695,Vidos
2696,Vidéky
2697,Viertl
2698,Vigadi
2699,Vihar
2700,Villoi
2701,Villói
2702,Világhy
2703,Vimental
2704,Vimmer
2705,Vincze
2706,Viola
2707,Virnhardt
2708,Virnhart
2709,Virág
2710,Virágh
2711,Visnya
2712,Visontai
2713,Viszt
2714,Vita
2715,Vizer
2716,Vizi
2717,Vojcsik
2718,Vojtek
2719,Vollmann
2720,Vonyek
2721,Vosits
2722,Vragassy
2723,Vrasich
2724,Vukassinovits
2725,Váczi
2726,Váczy
2727,Vági
2728,Vágó
2729,Váli
2730,Vámos
2731,Ványai
2732,Ványi
2733,Váradi
2734,Várady
2735,Váradyné
2736,Várkonyi
2737,Váry
2738,Vázsonyi
2739,Vécsei
2740,Vécsey
2741,Vég
2742,Végh
2743,Vékony
2744,Véssei
2745,Vétek
2746,Vörös
2747,Wabrosch
2748,Waginger
2749,Wagner
2750,Wahrmann
2751,Waldinger
2752,Walter
2753,Walthern
2754,Waltz
2755,Wancsek
2756,Wanke
2757,Warga
2758,Watzek
2759,Watzke
2760,Wawra
2761,Weber
2762,Wehner
2763,Wehrmann
2764,Weichhardt
2765,Weichhart
2766,Weidinger
2767,Weiland
2768,Wein
2769,Weinber
2770,Weinek
2771,Weiner
2772,Weinszeisz
2773,Weinzierl
2774,Weisinger
2775,Weisz
2776,Wenczl
2777,Wendel
2778,Wenger
2779,Wenhardt
2780,Weninger
2781,Wenzl
2782,Wermer
2783,Werner
2784,Wester
2785,Wesztermayer
2786,Wiesner
2787,Wigh
2788,Wild
2789,Wildner
2790,Wilheim
2791,Willig
2792,Wimental
2793,Wimmer
2794,Windhager
2795,Windisch
2796,Winhart
2797,Winkler
2798,Winter
2799,Wintner
2800,Wippler
2801,Wirnhardt
2802,Wiskonsky
2803,Wiskousky
2804,Wiszt
2805,Witkovszky
2806,Wittenbarth
2807,Wittinger
2808,Wittkovszky
2809,Wittmann
2810,Wohl
2811,Wojtek
2812,Wolf
2813,Wolffarl
2814,Wolffart
2815,Wolfner
2816,Wolfram
2817,Wossala
2818,Wuch
2819,Wukassinovits
2820,Wurmb
2821,Wurmb.
2822,Wéber
2823,Wénesz
2824,Zabutsek
2825,Zachar
2826,Zachariás
2827,Zacharovits
2828,Zachár
2829,Zacska
2830,Zahler
2831,Zaitz
2832,Zajti
2833,Zandler
2834,Zaratin
2835,Zatopek
2836,Zboray
2837,Zeibig
2838,Zeiger
2839,Zeleny
2840,Zemán
2841,Ziegler
2842,Zielbauer
2843,Zielinski
2844,Ziffer
2845,Zilahy
2846,Zimmer
2847,Zimmermann
2848,Zimniermann
2849,Zimányi
2850,Zlinszky
2851,Zmeskall
2852,Znavovits
2853,Zofáhl
2854,Zoltán
2855,Zombory
2856,Zoványi
2857,Zsemlye
2858,Zsigmond
2859,Zsillé
2860,Zsinkó
2861,Zsitnyánszky
2862,Zsizsó
2863,Zsoldos
2864,Zsolnai
2865,Zsámboki
2866,Zuna
2867,Zurányi
2868,Zuzánszky
2869,Záborszky
2870,Záhorszky
2871,Zák
2872,Zámbó
2873,Zányi
2874,Závodszky
2875,Závonyi
2876,Zöldváry
2877,Prihoda
2878,Prihoda
2879,lllyefalvi
2880,pandurovits
2881,pán
2882,Adamek
2883,Ábrahám
2884,Ábrányi
2885,Ács
2886,Ádám
2887,Ádámy
2888,Ágoston
2889,Ágotay
2890,Állaga
2891,Ángyán
2892,Ányos
2893,Ári
2894,Árkay
2895,Árva
2896,Éberling
2897,Ébner
2898,Éder
2899,Édes
2900,Éles
2901,Éless
2902,Éliás
2903,Élő
2904,Érczhegyi
2905,Ész
2906,Évinger
2907,Ézsöl
2908,Író
2909,Ózdi
2910,Öhler
2911,Örsek
2912,Örsy
2913,Újhelyi
2914,Újvári
2915,Úrik
2916,ünger
2917,Őrsy
2918,Ősapay
