2815,Wolfner,0
1297,Kovách,0
1848,Pelczer,0
2109,Récsei,48
174,Bernáth,0
2292,Stettler,0
2646,Vajda,732
2630,Unterberg,0
yb19121569,Bunzlau,0
677,Funk,0
1789,Oppenheim,0
1877,Pikler,0
799,Gutfreund,0
1954,Purjesz,0
2087,Roóz,0
2537,Tauszk,0
285,Bródy,0
alm19071160,Gansl,0
1721,Münz,1
1992,Pózner,0
984,Honig,0
2468,Szécsi,185
857,Hajnal,261
1435,Lampl,0
2240,Simonovits,0
yb19121527,Goldfeld,0
2750,Wahrmann,0
765,Goldner,0
171,Bergsmann,0
324,Bárdi,35
2830,Zahler,0
717,Garai,434
yb1912957,Hirschel,0
2790,Wilheim,0
2267,Soó,0
2827,Zacharovits,0
yb1912958,Czukermann,0
442,Czitrom,0
926,Herczeg,222
yb19092435,Grauer,0
674,Fráter,0
yb19092288,Bojnitzer,0
51,Arányi,82
905,Havas,699
804,Gyenes,115
yb1909868,Tuchler,0
2186,Schober,0
2409,Szidon,0
yb19091103,Bergler,0
2218,Seemann,0
yb19091378,Glöckner,0
2020,Raáb,0
yb19097,Faszler,0
693,Förstner,0
alm1904172,Hönigsfeld,0
alm1907632,Lobstein,0
280,Brust,0
yb19092628,Weingarten,0
927,Herczel,0
1290,Korányi,225
yb19121630,Smilovitz,0
2140,Salgó,286
1717,Mühlrad,0
yb19122447,Szanditz,0
266,Braunstein,0
yb1912668,Kleinberger,0
625,Fenyves,224
yb1912470,Kurzmann,0
2258,Sohr,0
yb1912566,Schöpkesz,0
281,Bruszt,0
916,Heisler,0
yb19121986,Blitz,0
yb19091049,Hilf,0
286,Brück,0
yb19121999,Schulmann,0
yb1909180,Füchsl,0
yb19092190,Farbenblum,0
2778,Wenger,0
2070,Ross,0
1561,Major,151
839,Gúth,0
728,Gaál,6
alm19041112,Preszburger,0
yb19121286,Kirnig,0
2501,Sámson,1
574,Engelhardt,0
270,Brett,0
1494,Lissauer,0
yb19091244,Gelb,0
yb19122032,Rosenspitz,0
1610,Max,0
yb1909957,Trebitscher,0
yb1909413,Mailender,0
1187,Keresztes,76
yb1912481,Bászsz,0
2037,Reitzer,0
945,Heuman,0
yb1909257,Rozenberg,1
104,Barna,414
2706,Viola,58
2800,Wippler,0
yb1909966,Grossz,0
2041,Renn,0
2844,Ziffer,0
623,Felter,0
yb19123180,Mantág,0
1759,Noé,0
1,Abelsberg,0
1890,Piszker,0
alm1907877,Hausbrunner,0
1411,Kürschner,0
1543,Löwinger,0
yb19091252,Lövinger,0
yb1909766,Kesztenbaum,0
alm1904922,Rosenstein,0
yb1912698,Grossmann,0
yb19092025,Kohn,0
yb19121621,Eckstein,0
yb19092458,Löwy,0
127,Baumgarten,0
1473,Lichtmann,0
yb19091217,Grünfeld,0
668,Friedmann,0
yb19121441,Reismann,0
1363,Kácz,0
yb19121971,Goldstein,3
2291,Stern,1
yb1909955,Diamant,0
yb1912811,Feuerstein,0
yb19121005,Spitz,0
yb19121515,Rosenzweig,0
yb19092290,Policzer,0
yb1909124,Schlesinger,0
yb19091880,Guttmann,0
alm1907517,Sonnenfeld,0
yb1909205,Herzfeld,0
yb1909662,Singer,0
yb19091229,Spitzer,1
alm1907843,Fried,0
773,Gottlieb,1
2068,Rosenfeld,0
alm19071134,Feuer,0
272,Breuer,0
478,Deutsch,0
1570,Mandel,0
alm1904283,Hartenstein,0
yb19091102,Weiszfeld,0
yb19091197,Grünhut,0
1544,Lőbl,0
yb19121669,Waldner,0
yb19123238,Buchwald,0
764,Goldberger,0
yb1909313,Fischbein,0
yb19091200,Weinberger,0
572,Engel,0
2902,Éliás,1
alm19041056,Hajduska,0
2139,Salamon,16
2810,Wohl,0
yb1912391,Kron,0
yb19121323,Grün,1
yb19091842,Katz,0
yb190918,Schönfeld,0
yb19091465,Goldmann,0
yb1909968,Neufeld,0
2775,Weisz,2
790,Groszmann,0
2198,Schwartz,0
170,Berger,1
2286,Stein,1
2771,Weiner,0
yb19122801,Ungár,0
yb1912326,Oesterreicher,0
1458,Lederer,1
alm1907953,Langfelder,0
2067,Rosenberger,0
yb19121449,Lövenstein,0
yb19121076,Moskovitz,0
yb19092524,Schwarcz,1
1734,Neuhauser,0
2199,Schwarz,0
1223,Klein,1
yb1909506,Hirschl,0
alm1907258,Fleischmann,0
alm1907543,Tausz,0
795,Grünwald,0
alm19041088,Hamburger,0
794,Grósz,0
789,Grosz,0
yb19123265,Steinberger,0
2204,Schön,0
2184,Schneller,0
287,Brüll,0
yb19122337,Pollák,6
958,Hirschler,0
2028,Reiner,0
2293,Stettner,0
1971,Pápa,10
957,Hirsch,0
yb1909118,Veisz,0
yb19121964,Reich,0
yb1912312,Lichtenstein,0
1162,Kaufmann,0
644,Fleischer,1
265,Braun,0
660,Frankl,0
yb19091276,Steiner,1
2158,Scheiber,0
207,Blum,0
1540,Löv,0
2205,Schönberger,0
2075,Roth,1
2127,Róth,1
yb1909965,Gross,0
1546,Lőwenstein,0
1541,Löwenstein,0
yb19121733,Herz,0
alm1907562,Reiser,0
alm1904458,Hecht,0
1735,Neumann,0
514,Drechsler,0
yb19121995,Flesch,0
yb1912357,Salzer,0
yb19091956,Schvarcz,0
yb19121311,Krausz,1
972,Hofmann,0
yb19092282,Horovitz,0
1310,Kreizler,0
2282,Stark,0
yb19091228,Grüner,0
yb19091927,Zinger,0
735,Geiger,1
1731,Neu,0
yb19121609,Herczfeld,0
1181,Kelner,0
2188,Schreiber,0
1020,Hándler,0
876,Handler,0
yb1909880,Grünvald,0
1105,Jákobi,6
842,Haas,1
2704,Vimmer,0
alm190778,Fleisch,0
yb1909377,Grünn,0
277,Brucker,0
898,Haslinger,0
yb19091728,Bruckner,0
yb1912809,Gutman,0
yb19091195,Zwicker,0
555,Ehrlich,0
yb1912542,Hoffner,1
2076,Rotter,0
512,Drach,0
946,Heumann,0
968,Hoffer,0
2797,Winkler,0
656,Fraenkel,0
897,Hasenfeld,0
676,Fuchs,1
641,Fischer,0
1933,Preisz,0
2031,Reisz,0
1005,Hubert,0
2151,Schaffer,0
2201,Scháffer,0
yb1909474,Horovicz,0
575,Engler,0
616,Fehér,685
256,Boschán,0
1101,Junger,0
153,Benedek,121
2786,Wiesner,0
alm190749,Engelmann,0
yb19091179,Beck,1
2883,Ábrahám,1
657,Frank,0
1732,Neubauer,0
1179,Kellner,0
yb1909691,Kurcz,0
yb19123348,Strumpf,0
830,Gártner,0
299,Burger,0
2793,Wimmer,0
yb19091931,Schnitzer,1
350,Böhm,1
355,Bőhm,1
2172,Schindler,0
895,Hartmann,1
2798,Winter,1
1871,Pfeiffer,0
967,Hofbauer,0
yb19122226,Held,0
1797,Ország,70
yb19091929,Hauser,2
1738,Ney,3
2244,Sindler,0
2768,Wein,0
871,Hamar,9
yb1912706,Wachtel,0
793,Gróf,22
785,Grimm,0
2788,Wild,0
2364,Szegő,400
2180,Schmidl,0
yb19123063,Szommer,0
yb1909954,Zwirn,0
618,Fejes,30
yb19121837,Csora,0
alm1904723,Milhoffer,0
1882,Pinsker,0
yb1909121,Schlegel,0
2812,Wolf,1
yb19122622,Kirschner,0
1197,Keszler,0
yb19122856,Röszler,0
yb19121614,Bak,3
969,Hoffmann,1
1038,Hőnig,0
930,Hermann,0
alm190795,Winterstein,0
931,Hermán,1
1656,Miller,0
1436,Langer,0
125,Bauer,2
1131,Kaiser,0
yb1909134,Neuberger,0
1530,Lázár,79
1221,Klausz,0
yb19121939,Sommer,0
1560,Majer,0
1581,Markovits,0
1792,Orbán,135
791,Gruber,1
2809,Wittmann,0
2783,Werner,1
1719,Müller,0
1525,Láng,96
792,Gráf,3
777,Graf,3
53,Auer,0
1472,Liber,0
2841,Ziegler,0
119,Basch,2
alm1904739,Knecht,0
2059,Rokonstein,0
1261,Kolpaszky,0
1872,Philipp,0
1932,Preisich,0
2769,Weinber,0
1849,Peller,0
2193,Schubert,1
2629,Unger,2
2487,Szüsz,0
1956,Putz,0
1399,König,0
2044,Richter,0
1068,Jakab,24
2236,Simon,87
2766,Weidinger,0
1612,Mayer,1
41,Anton,0
2209,Schütz,0
1539,Lörincz,61
2502,Sándor,599
yb19092058,Stefka,0
2195,Schuler,0
313,Bálint,305
1545,Lőrincz,61
716,Gang,0
yb19091795,Ehrenteil,0
yb19121278,Brenner,1
2156,Schauer,0
872,Hammer,0
84,Balog,465
1256,Kolmann,0
611,Farkas,487
756,Glasz,0
1244,Koch,0
131,Becker,0
2761,Weber,0
2822,Wéber,0
1701,Márkus,52
2019,Rausz,0
2318,Stuhl,0
yb19092429,Kuncsik,0
671,Fritsch,3
1683,Moór,0
2034,Reiter,0
yb19092088,Ruff,0
yb19122713,Fink,0
126,Baumann,0
2167,Schiller,0
2431,Szlovák,0
1339,Kugler,0
620,Fekete,543
2847,Zimmermann,0
alm1904254,Kranz,0
1178,Keller,1
664,Frey,0
yb19091985,Schneider,0
yb19092559,Feichtmann,0
892,Hart,0
1107,Jámbor,66
1205,Kirchner,0
1447,Lauer,0
666,Fridrich,0
yb1909256,Szinger,0
1636,Metzger,0
alm1907586,Hechtl,0
yb19092075,Haskó,0
2677,Vavró,0
1326,Kránitz,0
yb19122883,Máder,0
yb1912495,Baumgartner,0
1308,Kranitz,0
669,Friedrich,0
1104,Jáger,0
1254,Kollmann,0
1517,Luka,0
alm1904606,Mráz,0
yb19092338,Tkács,0
2029,Reinhardt,9
1277,Kopp,0
yb19123127,Zsidó,0
yb19092176,Kocza,0
alm1904783,Lákner,0
yb1912607,Pfeffer,0
1430,Lakner,0
2021,Redl,0
2111,Rédl,0
1862,Petrás,10
2886,Ádám,33
2611,Török,465
yb19121018,Ludvig,1
2277,Stadler,0
2196,Schuller,0
yb19092274,Stefanovics,0
1591,Martin,0
2846,Zimmer,0
1330,Krémer,0
2147,Sax,0
1385,Kíss,50
2024,Reichel,0
1213,Kiss,50
1671,Molnár,1362
1670,Moldován,0
yb19122688,Tischler,0
1257,Kolompár,0
1752,Novak,10
1757,Novák,10
2749,Wagner,3
2181,Schmidt,0
1298,Kovács,2276
1004,Huber,1
1756,Novotny,0
338,Bém,3
1572,Manger,0
alm1907659,Amtmann,0
2857,Zsemlye,0
2022,Rehák,0
392,Csicsai,0
178,Berényi,488
yb19121197,Kilmayer,0
2459,Szvoboda,0
847,Haffner,0
yb19122432,Lesák,0
2597,Tupicza,0
yb19092250,Bánfus,0
32,Andor,102
1948,Prückler,0
328,Bárán,0
862,Halbauer,0
767,Gombkötő,0
1081,Jankovits,0
yb19092030,Filinescu,0
yb19123114,Finkmann,0
216,Boda,23
1606,Matusek,0
yb19091990,Herunter,0
yb19092568,Czopf,0
yb19123300,Czifrik,0
2748,Waginger,0
1702,Márton,169
761,Goda,11
1841,Payer,0
1226,Klement,0
112,Bartsch,0
726,Gayer,0
11,Agocs,0
234,Bolla,4
1705,Máthé,4
2137,Safranek,0
1392,Köberling,0
yb19091404,Ritterbacher,0
alm190436,Szallenback,0
1375,Kárg,0
307,Bába,0
yb19092121,Vlcsek,0
933,Herold,0
alm19071091,Ressel,0
yb19092264,Knöbl,0
823,Gábriel,0
65,Baintner,0
1429,Lakits,0
1343,Kuli,0
524,Dudás,5
473,Demkó,1
alm1904446,Führinger,0
2474,Széll,7
yb19092238,Sztakó,0
403,Csiszár,8
1538,Lökös,0
yb19091958,Krizsánovics,0
1840,Pavalacs,0
1048,Imhof,0
yb19121579,Sztiszkala,0
16,Albrecht,0
1613,Maár,0
yb19121328,Schöbinder,0
833,Göbel,0
yb19092493,Ginzer,0
88,Balás,9
204,Blaskó,0
903,Hauschild,0
2399,Szentpéteri,10
2412,Szigriszt,0
alm1904130,Spanraff,0
1270,Komáromi,205
2117,Réthy,0
820,Győri,262
yb19092311,Radvojevics,0
1926,Pozna,0
2473,Széles,19
yb19122794,Kupsza,0
807,Gyulai,297
yb19092268,Hoyer,0
1340,Kuhar,0
999,Houska,0
2462,Szánthó,0
736,Gelencsér,5
2290,Stepánek,0
1950,Pukkel,0
yb19121987,Joksmann,0
yb19092404,Zaletynik,0
yb1912736,Kratochvila,0
yb19092183,Salling,0
610,Farbinger,0
321,Bánó,73
140,Bekö,0
1528,László,955
1377,Kármán,79
2752,Walter,0
2683,Veres,84
yb19092415,Audics,0
881,Hanzély,0
2046,Rill,0
alm1904668,Krenácz,0
826,Gájer,0
yb1912660,Ehmann,0
2006,Raisz,0
1247,Koffler,0
2407,Szervisz,0
1125,Kacskovics,0
yb19122818,Huffgart,0
2767,Weiland,0
410,Csontos,6
yb19122345,Tkátsik,0
1160,Kattausch,0
yb1909174,Kmetykó,0
2896,Éberling,0
1040,Igali,1
2023,Reichardt,0
2344,Szaiff,0
1834,Pauer,1
1990,Pólyák,1
2235,Simkó,2
904,Hauszner,1
111,Bartos,194
2693,Viczko,0
yb19092247,Belgram,0
1836,Paulikovics,0
752,Geschader,0
944,Heuffel,0
31,Anderkó,0
1106,Jákubecz,0
2123,Ríeger,0
952,Hiesz,3
953,Hilbert,0
2173,Schleitz,0
695,Fülepp,0
956,Hinterschek,0
yb1909919,Gluszkievitz,0
759,Glósz,0
yb1912925,Dzurányi,0
yb19122868,Francz,0
1358,Kutsera,0
2754,Waltz,0
681,Fábián,87
yb1912659,Schweig,0
2860,Zsinkó,0
1838,Paulovits,0
1602,Mathievits,0
yb19091511,Buna,0
yb19091962,Hackstock,0
1380,Kégl,6
1353,Kurucz,27
2543,Tenk,0
1242,Kobor,14
13,Agócs,0
1258,Kolonics,0
114,Bartók,69
409,Csonka,14
2429,Szlavnits,0
1386,Kóbor,14
588,Erhardt,0
yb19091036,Polzberger,0
1795,Orosz,47
alm1907956,Mutzbauer,0
yb19092301,Drázsnyák,0
yb19121872,Kleinlein,0
552,Egri,73
879,Hanuszek,0
755,Girch,0
yb19121670,Lovovits,0
240,Bordás,0
222,Bodó,74
alm1907870,Kadenczki,0
yb19121539,Gecsó,0
alm1907857,Dleszk,0
2333,Swoboda,0
995,Horváth,60
yb1912480,Dvorzsák,0
2100,Rácz,285
101,Bari,0
998,Hosszú,6
yb19092327,Kukucska,0
1349,Kunszt,0
2382,Szende,306
1743,Niesz,0
alm1907573,Vince,7
yb1909491,Gradwahl,0
2559,Till,0
853,Haintz,0
619,Fejér,123
1886,Pirger,0
885,Haris,3
85,Balogh,14
252,Borsós,6
1920,Poppel,0
yb19123277,Negru,0
1336,Kuchinka,0
alm1907470,Kricsa,0
1033,Hübner,0
yb19123274,Csicsó,0
2452,Sztraka,0
1087,Jaros,0
2285,Steger,0
1329,Krázl,0
yb1909530,Pukli,0
2505,Sári,7
yb19091306,Demetrovics,0
yb19092553,Konecsny,0
2015,Ramhab,0
396,Csik,0
1586,Marosi,425
2464,Száraz,0
1151,Karner,0
1899,Plichta,0
1325,Králl,0
1176,Keleti,239
2389,Szente,33
alm19071028,Rusznák,0
yb19092310,Habakusz,0
52,Asztalos,25
315,Bán,191
2266,Sorbán,0
2535,Tatár,11
628,Ferencz,57
158,Benkó,0
yb19121285,Baksis,0
yb19121834,Benesovszky,0
yb19122367,Lojka,0
2130,Rózsa,374
581,Erdélyi,623
547,Eberling,0
2426,Szivós,27
2716,Vizi,8
alm190418,Hrabkovszky,0
1912,Pokorny,0
yb1909960,Schestauber,0
159,Benkő,169
2170,Schimkó,0
1643,Mihály,27
784,Grill,0
747,Gergye,0
2297,Stipanics,0
1879,Piller,1
102,Barina,0
1428,Lakatos,112
yb19121163,Schusbek,0
yb19122453,Mikolai,5
alm1904139,Kolczun,0
1207,Kirner,0
2877,Prihoda,0
yb19091242,Verner,0
1900,Plininger,0
yb19121313,Pospischil,0
yb19121923,Rambach,0
yb19122466,Kantsura,0
2274,Spánitz,0
2551,Theodorovits,0
yb19121452,Kropf,0
2288,Stephani,0
2174,Schlosser,0
1907,Pohl,0
1846,Peinits,0
1455,Lebanovits,0
yb19121649,Vaszil,0
1080,Jankovich,0
2314,Strósz,0
yb19092550,Heine,0
yb19092261,Vimalovszki,0
290,Bucsi,0
854,Hajda,1
2179,Schmid,0
yb19123313,Mikó,11
2417,Szily,5
875,Hamza,0
1765,Nyitrai,46
56,Axmann,0
yb19121785,Karmazsin,0
1788,Opitz,0
1831,Pascu,0
yb19121897,Kruze,0
2463,Szántó,1005
1646,Mihályik,0
yb19121926,Gödölle,0
2530,Tar,16
2512,Sóos,1
1120,Józsa,46
1204,Kirchknopf,0
alm1904921,Tverdi,0
1707,Máté,58
yb19121135,Kirnlg,0
1456,Lebánovits,0
105,Barsi,16
yb19122461,Ruzsa,0
alm1907186,Proschinger,0
2511,Sípos,218
yb19122542,Szkruczany,0
yb19122924,Palásti,20
1598,Maschek,0
525,Duka,0
yb1912130,Kandler,0
244,Boros,577
1592,Martinkovics,0
1292,Korény,0
yb19122905,Stampf,0
yb19092109,Himpchmann,0
2262,Somodi,6
2718,Vojtek,0
497,Dobrovits,0
yb19092405,Klefaber,0
1452,Layer,0
2869,Záborszky,0
1289,Kortsák,0
2401,Szepessy,5
262,Boér,25
1092,Jelenek,0
1892,Pitlik,0
72,Bakay,0
yb19121822,Mihlrad,0
2885,Ács,140
147,Bencze,40
yb19122443,Flori,0
yb19092430,Habinstroh,0
yb19123268,Tringer,0
655,Forstner,0
yb1912472,Frasz,0
yb19121052,Prandtner,0
yb19123320,Stöckl,0
1355,Kustár,0
2503,Sánta,13
yb19123353,Nezezon,0
1850,Perger,0
yb1909585,Martinelli,0
yb19091923,Csernyánszky,0
1098,Joó,4
1356,Kusztos,0
yb19122986,Pikuj,0
yb1912538,Gasparik,0
1135,Kalmár,483
200,Blahó,0
1279,Koren,0
alm19041113,Wienhoffer,0
alm1904267,Leichtberg,0
300,Burián,1
yb19123118,Gajdos,12
444,Czvitkovics,0
yb19092410,Kohut,1
1276,Kopeczky,0
2485,Szücs,344
2439,Szokolik,0
yb19122504,Zleszich,0
1669,Mojsisovics,0
yb190992,Reissberger,0
1785,Oláh,59
498,Dobrovolszky,0
819,Győrfi,71
yb19122926,Huminik,0
2295,Stifter,0
483,Dienes,5
196,Bitter,0
2666,Vas,466
yb19123364,Kriger,0
239,Borbély,16
1084,Janovics,0
1408,Körösi,185
2863,Zsoldos,83
1740,Niederkirchner,0
alm19071174,Wurfer,0
2465,Szász,341
2656,Vancsura,0
2581,Tordy,0
2254,Skultéti,1
yb19092195,Szuszki,0
565,Emmerling,0
yb19092611,Csiba,0
yb19092296,Zuzanszki,0
441,Czimmermann,0
1583,Markó,31
1210,Kis,829
yb1912314,Ebner,0
2881,pán,0
797,Gugán,0
1161,Katzer,0
1775,Némethy,0
2287,Steindl,0
yb19092562,Vacha,0
1055,István,20
1595,Marton,169
2785,Wesztermayer,0
2319,Sturza,0
2828,Zachár,0
1513,Ludwig,0
2649,Vakarcs,0
1505,Lovas,70
1352,Kurtz,0
1345,Kulik,0
alm1907199,Losteiner,0
1331,Krémmer,0
1064,Jablonszky,0
2025,Reichl,0
1272,Konecsni,0
yb1912147,Hubacsek,0
yb19092286,Kovácsics,0
alm1907637,Poppovits,0
yb19091267,Weigand,0
1312,Krepelka,0
2606,Tóth,21
2367,Szeitz,0
2499,Sági,113
962,Hochbaum,0
2640,Vadas,126
1500,Lobmayer,0
2190,Schrott,0
yb19121339,Gavalja,0
1860,Petrovits,0
517,Dressler,0
1128,Kacziány,0
2774,Weisinger,0
284,Bráth,0
177,Beránek,0
1961,Pál,189
753,Gescháder,0
yb1909487,Spindler,0
alm19071098,Hrenszik,0
584,Erdős,715
yb19091804,Kolega,0
yb19121279,Goldburg,0
1474,Licskó,0
1065,Jaczó,0
450,Dancs,0
2101,Rákosi,164
2758,Watzek,0
yb19123361,Speier,0
1724,Narancsik,0
yb1909777,Bartl,0
yb19092242,Kesztner,0
2743,Vékony,0
1739,Nicora,0
yb19122358,Opic,0
yb19123346,Lakinger,0
711,Galambos,159
217,Bodnár,100
alm1904490,Saltzer,1
yb19092408,Schulteisz,0
2283,Stefanovits,0
yb19123094,Mura,1
76,Bakos,34
yb19123082,Ilia,0
994,Horvát,853
1255,Kollár,29
yb19092332,Heider,0
2871,Zák,0
445,Czvitkovits,0
yb1909577,Hrigyecz,0
2697,Viertl,0
1642,Mihálovits,0
2549,Thain,0
1173,Keil,0
yb19092601,Szmrekár,0
342,Bérényi,488
1589,Marschner,0
yb19121868,Viczing,0
2310,Strobel,0
1159,Katona,266
1391,Kóta,1
1461,Leipold,0
1311,Kren,0
2490,Szőllősi,210
1641,Mihalik,1
yb1909405,Rohaska,0
1659,Minárik,0
1296,Kovaltsik,0
2004,Radó,613
923,Hembach,0
67,Bajczár,0
yb19091546,Pacurar,0
831,Gáspár,237
613,Fazekas,103
1453,Laza,0
1045,Illés,83
487,Dittrich,1
2036,Reitter,0
151,Bene,8
701,Füstös,0
602,Fa,0
yb1909250,Mihalovics,1
1071,Jakubecz,0
980,Holub,0
yb19123233,Csicsay,0
2071,Rosskopf,0
yb1909906,Policsek,0
yb19123166,Stefán,1
2564,Titzer,0
yb1909901,Wirnhart,0
1989,Pólya,20
2705,Vincze,95
yb1909976,Czeripp,0
18,Alexa,0
yb19121545,Nadeniczek,0
1079,Janicsek,0
758,Glosz,0
yb19091206,Birtalan,0
115,Barát,31
2001,Radics,0
457,Darabos,1
645,Fliegl,0
1780,Odor,8
1146,Kardos,760
2202,Schöberl,0
2352,Szalay,0
2525,Tamási,49
yb19092024,Zörnör,0
1668,Mohó,0
146,Bencsik,0
2155,Schaschek,0
780,Greisinger,0
1269,Komzsik,0
yb19123266,Szproszty,0
344,Bíró,902
193,Bischoff,0
559,Elischer,0
2839,Zeleny,0
1942,Prohászka,0
62,Bagi,5
292,Budai,251
yb19091697,Curticapean,0
192,Bischof,0
yb19123182,Kovácsevits,0
yb19122469,Nemecz,0
515,Drencsik,0
1348,Kuna,0
yb19092401,Strobak,0
1883,Pintér,162
141,Bekő,0
638,Fiala,4
yb19092400,Wechermann,0
yb19121298,Bozsó,2
2715,Vizer,0
1100,Juhász,154
yb19121850,Hrabe,1
1748,Nizsnánszky,0
312,Báli,0
1466,Lengyel,392
1935,Pribil,0
yb19091684,Wenczel,0
405,Csizmadia,4
208,Blázsek,0
2081,Rozsa,374
377,Csefkó,0
2092,Ruppert,0
911,Hegedűs,465
757,Glatz,0
167,Beretics,0
yb19121554,Potaczek,0
2115,Répa,0
2086,Roósz,0
yb19121038,Schenkengei,0
2708,Virnhart,0
2471,Székely,1628
alm1904186,Barschrott,0
2381,Szemler,0
1138,Kapcza,0
110,Bartek,0
yb19092377,Gubcsó Bugán,0
yb1912683,Planyitska,0
2312,Stréer,0
1556,Magdics,0
2811,Wojtek,0
1599,Masek,0
2176,Schmelhegger,0
2166,Schill,0
yb19122921,Figula,0
827,Gál,643
1874,Pichler,0
1817,Pandics,0
2064,Romsits,0
yb19091975,Schuszter,0
2562,Tiringer,0
1685,Muk,0
alm1904846,Besenbeck,0
1809,Paczona,0
2185,Schnierer,0
986,Hornok,0
yb19091011,Sonnleitner,0
1245,Kocsis,33
yb19091983,Ledermayer,0
1870,Pető,207
1762,Nyiri,36
1251,Kokesch,0
1008,Hugyecz,0
yb19122566,Tkatsik,0
1865,Petró,0
1987,Póhl,0
38,Angyal,113
1309,Krazl,0
970,Hofhauser,0
alm19071142,Pablasek,0
424,Csóry,0
1861,Petruska,0
1300,Kováts,3
2321,Stéger,0
2228,Sidó,0
988,Hornyák,0
1262,Kolár,0
212,Boba,0
2480,Szívós,27
1969,Pálovics,0
2051,Riskó,0
481,Deák,214
1767,Nyéki,14
191,Biró,902
yb1912730,Krajtsj,0
1227,Klemm,2
2588,Trautmann,0
yb1909341,Schumandl,0
2278,Stahl,1
2891,Ángyán,0
alm19071046,Fromhold,0
2280,Stankovics,0
1715,Mózer,0
697,Füredi,370
1985,Péter,33
yb19092165,Gyüre,0
2284,Stefánovits,0
1562,Majoros,35
249,Borsos,6
2253,Skriván,0
yb19122500,Mertinger,0
2377,Szemes,19
229,Bolcsik,0
yb19092152,Bredák,0
yb19121770,Luperszbek,0
788,Grosser,0
1859,Petrovics,1
1535,Lénárt,59
490,Diószegi,42
722,Gasparics,0
605,Faller,0
1919,Popelka,0
yb19121312,Krkos,0
1233,Klimkó,0
1839,Pauly,0
2872,Zámbó,0
2055,Ritschl,0
yb1909635,Spitzka,0
yb19091537,Schiessler,0
1476,Liftner,0
2328,Sulyok,20
alm190780,Roos,0
2339,Szabó,996
2146,Sauersitz,0
2521,Takács,320
2348,Szakács,21
yb19123221,Posthammel,0
2393,Szentgyörgyi,122
2361,Szedlacsek,0
1993,Pöcze,0
yb19122944,Sterczel,0
2197,Schusbeck,0
183,Biegelbauer,0
2371,Szeles,19
1076,Janda,0
1853,Peskó,0
1557,Magyar,388
1240,Kobelrausch,0
116,Baráth,1
1773,Német,237
948,Hevesi,279
822,Gábor,326
1827,Papp,10
alm1904334,Rozsaági,0
154,Benes,12
438,Cziegler,0
2358,Szaniszló,2
1826,Pap,362
yb19122863,Tröger,0
2576,Toperczer,0
2427,Szkalka,0
1814,Pallér,0
yb19123200,Dius,0
yb1909411,Szenftner,0
2795,Windisch,0
729,Gebhardt,0
866,Halm,0
2161,Scherbaum,0
1143,Karaszek,0
2451,Sztarill,0
156,Benke,19
yb19092011,Schwach,0
2550,Theil,0
alm1904103,Kulfasz,0
2840,Zemán,3
2313,Stróbl,0
1006,Huck,0
954,Hiller,0
alm1907324,Zeleni,0
2478,Szíjjártó,0
1364,Kádas,21
alm1907787,Strudl,0
6,Adametz,0
1774,Németh,6
alm1907612,Podolják,0
2492,Szőnyi,95
870,Halász,1060
2434,Szmrekovszky,0
1450,Lavotha,0
2281,Stankovits,0
yb19092432,Hreska,0
alm1904580,Pooplavszky,0
121,Bata,1
599,Eördögh,0
206,Blazsek,0
2239,Simonics,0
2430,Szlobodnik,0
39,Angyán,0
1898,Plech,0
2807,Wittinger,0
2773,Weinzierl,0
yb19123232,Tometits,0
yb1909648,Bosnyakovics,0
1811,Pajor,91
89,Balázs,485
1664,Miskó,0
2351,Szalai,371
2560,Timár,104
267,Breitenbach,0
1502,Lohr,0
593,Erős,181
2210,Schőberl,0
yb1912334,Gubicza,0
301,Burján,7
2152,Schaffhauser,0
alm1904598,Spaczek,0
2207,Schöpflin,0
yb19092096,Dvornák,0
1489,Lipták,0
503,Dodek,0
2052,Risztics,0
yb19123336,Barbura,0
alm1904162,Hengel,0
yb19092223,Irczl,0
264,Brandt,0
1888,Pirovits,0
1446,Lauber,0
alm1904278,Handtel,0
1609,Maurer,0
1634,Messik,0
yb19121814,Weinczierl,0
1193,Kerék,1
yb19092512,Babanecz,0
82,Balla,247
1183,Kemény,891
yb19123354,Stanczel,0
yb19122679,Kirnbauer,0
2688,Veszély,0
985,Honyek,0
1078,Janics,0
yb19123174,Jaransch,0
1096,Jordán,3
yb1909459,Kralován,0
1085,Janovits,0
1301,Kozma,166
449,Dallos,26
1597,Masa,0
648,Fodor,996
1887,Piros,16
1790,Oravecz,0
673,Frágner,0
yb19092146,Kátus,0
yb19122442,Rosovits,0
yb19121888,Riszner,0
33,Andrejka,0
1593,Martinkó,0
134,Bede,17
1991,Pózna,0
yb19121985,Gutyina,0
2121,Révész,785
yb1912150,Bezzek,0
271,Brettschneider,0
1196,Keserű,3
78,Bakó,4
yb19123080,Hoppa,0
2694,Vida,105
2362,Szedlácskó,0
1967,Pálmán,0
yb19122010,Kuvanek,0
75,Bakonyi,109
161,Benyó,0
yb19092319,Blattmann,0
841,Gőbel,0
2187,Schramek,0
2077,Rottmayer,0
2477,Szíjgyártó,4
yb1912166,Dyatel,0
2874,Závodszky,0
1124,Kabdebó,0
237,Boné,0
2299,Stoffer,0
1751,Noszlopy,0
1575,Marczinka,0
855,Hajdu,338
1618,Medveczky,0
yb19121905,Vild,0
2045,Riegler,0
2870,Záhorszky,0
2263,Somogyi,644
2820,Wurmb,0
556,Eisenstock,0
1235,Klánik,0
2826,Zachariás,1
2245,Sipos,218
1896,Platskó,0
2858,Zsigmond,35
1424,Laczó,4
2308,Streér,0
2653,Valter,1
2419,Szilágyi,728
1521,Lung,0
308,Bácker,0
yb1912571,Anderlik,0
536,Déri,198
518,Dreszler,0
2311,Strobl,0
535,Dénes,477
2675,Vatai,0
yb19092560,Neamtin,0
1157,Kaszás,62
348,Bóka,4
alm1904442,Poqlavszky,0
5,Adamek,0
1374,Kántor,21
alm1907465,Ruthauer,0
1423,Laczkó,4
1880,Pillér,1
389,Cservenka,0
798,Gulyás,33
485,Dinda,0
1238,Knoll,0
1822,Pankuch,0
2589,Trenkó,0
198,Bittner,0
1347,Kun,345
882,Hanák,0
471,Demján,0
1936,Pribék,0
2016,Rasovszki,0
696,Fülöp,44
2054,Ritschel,0
yb19123251,Stir,0
1172,Kecskés,7
yb1912505,Paulus,0
451,Dancsa,0
1337,Kucsera,0
448,Czéh,2
295,Bugyi,0
2056,Rodek,0
60,Badics,0
yb1909983,Grebner,0
1434,Lampert,0
2168,Schilling,0
2595,Tujner,0
636,Fetter,0
429,Czakó,37
alm1907712,Bubonyák,0
2626,Ullmann,0
1825,Panyi,0
423,Csóka,2
1755,Novotni,1
yb1909669,Schimp,0
yb19092660,Szomleitner,0
654,Forster,0
878,Hanusz,0
406,Csizmazia,0
yb19122486,Mocskos,0
1832,Pataki,627
yb19121919,Aselnenbreuer,0
1253,Koller,2
40,Antal,143
1088,Jarosch,0
1425,Ladányi,250
1802,Osváth,0
2220,Seide,0
1778,Obermayer,0
378,Cseh,4
356,Bősinger,0
1327,Krátky,0
1209,Király,251
1744,Nieszner,0
yb19091319,Czibulya,0
844,Haberhauer,0
1067,Jagicza,0
yb19121574,Czihjó,0
470,Demeter,20
1623,Melegh,0
327,Bártl,0
1034,Hügel,0
480,Dezső,54
195,Biszterszki,0
651,Forberger,0
2660,Varga,378
2898,Éder,0
1693,Muzsik,0
2714,Vita,2
1075,Jancsó,5
69,Bajusz,6
390,Csete,3
302,Burkus,0
2741,Vég,35
1588,Marschalko,0
yb19092619,Gasparík,0
2745,Vétek,0
439,Czigány,2
yb19122937,Loos,0
yb19092113,Dienszt,0
1457,Lechner,0
yb1912631,Martinek,0
yb1912483,Dolfi,0
1239,Knotz,0
276,Brosek,0
129,Bayer,3
yb19123352,Krizsán,0
2906,Évinger,0
yb19092546,Holovka,0
1908,Pok,5
1996,Pőcze,0
yb1909973,Siegmund,0
428,Czaha,0
640,Finta,0
2780,Weninger,0
yb19092485,Nyegró,0
yb19092045,Hanigovszky,0
yb19122912,Paczes,0
415,Csupor,1
446,Czárán,0
1658,Minich,0
2208,Schülheck,0
yb19121302,Vanyatka,0
775,Grabowski,0
2483,Szöllősi,210
2279,Stancz,0
856,Hajdú,338
2380,Szemián,0
yb19121893,Striskovics,0
1578,Marics,0
yb19092094,Sinkler,0
2162,Schermann,0
yb19092328,Julcher,0
744,Gergely,318
2825,Zachar,0
203,Blasinger,0
1518,Lukács,673
283,Brányik,0
1286,Kornya,0
99,Barcza,43
2634,Urbán,11
yb19121787,Czeikovits,0
1995,Púk,0
1323,Král,0
2061,Roller,0
679,Furka,0
yb19092355,Jakubik,0
2073,Rosta,6
2663,Varjú,0
545,Dürr,0
1324,Králik,1
1858,Petrik,0
1166,Kazimir,0
1617,Medve,2
461,Darvas,300
2668,Vass,3
2216,Sebők,197
yb19121976,Szili,30
91,Balázsy,0
2494,Szűcs,344
160,Benyovits,0
2411,Szigeti,757
665,Frick,0
yb19092315,Kolesza,0
713,Gallovich,0
1291,Korén,0
alm1904132,Ponus,0
yb19091547,Caragutz,0
1999,Quancz,0
2895,Árva,5
1215,Kiszela,0
2897,Ébner,0
1622,Melega,0
1278,Korb,0
1723,Nagy,973
1727,Navratil,0
1139,Kapeller,0
yb19092078,Burucs,0
491,Dlauchy,0
yb19092488,Englert,0
965,Hock,1
1712,Mészáros,236
3,Ackerl,0
1082,Jankó,3
yb19122511,Chrobák,0
2583,Torma,13
1148,Karg,0
1998,Quaiszer,0
2125,Rónai,838
534,Dániel,34
175,Berta,7
1873,Pichelmayer,0
964,Hochholczer,0
1366,Kákics,0
425,Csögör,0
1843,Peckl,0
2251,Siráky,0
528,Dull,0
714,Galló,0
2225,Seregi,8
210,Blöch,0
63,Bagossy,0
1624,Melha,0
812,Gyurmán,0
2699,Vihar,7
alm1904452,Schwalcz,0
339,Bényei,10
459,Daruba,0
1750,Noszlopi,10
2461,Szántay,0
1338,Kuczkay,0
2610,Törnek,0
320,Bányay,0
2916,ünger,0
2259,Solty,2
213,Bobor,0
2506,Sárközy,0
1770,Nádaskay,0
2405,Szerdahelyi,60
2107,Rátái,3
562,Emerich,0
yb1912350,Vara?ek,0
2441,Szombathelyi,13
2191,Schröder,0
421,Csébi,0
1648,Mikes,72
2369,Szekér,7
750,Gerrithon,0
2619,Udvary,0
1265,Komlósi,203
1229,Klenovits,0
694,Füle,0
560,Eller,0
2548,Terényi,68
1514,Ludwigh,0
2488,Szőgyi,12
248,Borsody,1
975,Holl,0
326,Bársony,66
532,Dusárdy,0
332,Bátori,341
2112,Régeni,9
404,Csite,0
1387,Kókai,5
1066,Jagasich,0
2305,Stomm,0
1491,Lipót,0
77,Baksay,0
1190,Kernács,0
1346,Kullmann,0
2141,Saly,0
2438,Szokolay,0
1555,Madzsar,0
2700,Villoi,1
2128,Rózant,0
2106,Rátz,0
1962,Pálffy,1
92,Baló,0
963,Hochhalt,0
2093,Rupánovits,0
1302,Koznia,0
150,Bendesy,0
2637,Ursics,0
1133,Kallaus,0
215,Bocz,0
yb19092220,Hamni,0
294,Budó,0
137,Behumi,0
2157,Scheder,0
2470,Szécsényi,42
yb19122495,Venninger,0
1152,Karsay,6
304,Buttler,0
653,Forrai,52
2300,Stoflitz,0
1222,Kleeberg,0
242,Boronkai,29
615,Fegyveres,5
2322,Stéli,0
2509,Sényi,12
2416,Szilvásy,14
2529,Tanos,5
2096,Ruzsovits,0
2345,Szajbely,0
1115,Jécsy,0
2136,Rőzsényi,0
686,Fóris,4
268,Breitkopf,0
2269,Spath,0
2306,Strecke,0
2424,Szirmay,0
54,Aulinger,0
1225,Klemens,0
1552,Maczeovits,0
1112,Jászai,105
17,Alemann,0
612,Farnady,0
2104,Rátai,3
2674,Vaszy,0
2063,Rominszki,0
yb19122917,Ityun Kurja,0
1230,Kliburszky,0
1263,Komjáti,21
474,Demény,46
2573,Tomor,4
2090,Rumbacli,0
1267,Komorovszky,0
2379,Szemethy,0
1113,Jászffy,0
2842,Zielbauer,0
836,Gömöry,0
1733,Neuberg,0
499,Dobry,0
233,Bolgár,133
2212,Sebeit,0
2042,Richnavszky,0
2378,Szemethi,0
1053,Ispán,10
2600,Turányi,13
2866,Zuna,0
1142,Karalyos,0
8,Adámi,1
1413,Kőhalmi,62
2370,Szelecsényi,0
1916,Pollermann,0
2223,Semsey,0
1344,Kulifay,0
2365,Szehrlaut,0
737,Gelléri,49
2446,Szováthy,0
906,Havass,5
890,Harrer,0
yb1909593,Slotterbek,0
770,Goreczky,0
2232,Siklós,37
331,Bátonyi,5
2169,Schimert,0
2323,Stühmer,0
667,Friebeisz,0
510,Donáth,0
1123,Kabarcz,0
393,Csicsery,0
20,Alkér,1
1559,Magyarevits,0
80,Balder,0
2241,Simoray,0
2391,Szentesi,41
867,Halmai,183
2124,Róna,457
1315,Kricsfalvi,6
2343,Szadovszky,0
2264,Somorjai,5
670,Frimel,0
2497,Sáfáry,0
366,Csabai,26
109,Bartalos,0
2823,Wénesz,0
2338,Szabiár,0
2256,Smodics,0
2336,Szabadi,79
2447,Szoyka,0
2224,Sepsi,0
2765,Weichhart,0
2753,Walthern,0
1718,Müllender,0
22,Almády,1
1787,Onhauser,0
413,Csornai,18
2,Abonyi,131
453,Dankos,0
2324,Subsilvány,0
2854,Zoltán,278
1264,Komlódy,0
2265,Sontagh,0
388,Csernovics,0
869,Halácsy,0
1627,Mellye,0
1615,Medgyessy,0
2585,Tornyos,1
2628,Undi,5
1445,Lau,0
227,Bogáthy,0
2192,Schrőder,0
557,Elbert,0
1047,Ilsemann,0
1058,Ivnoll,0
2250,Siráki,0
2072,Rost,0
959,Hittner,0
598,Ewinger,0
1742,Niessner,0
23,Almásy,0
2332,Svéda,0
1819,Pandurovics,0
2296,Stilfried,0
2504,Sántha,0
190,Birkus,0
yb1909170,Vurumpek,0
251,Borsosföldy,0
1061,Ivánka,15
1208,Kirtzan,0
2516,Sümeghy,0
yb19092126,Konstantin,0
829,Gárdos,182
2520,Tajthy,0
680,Futó,12
486,Dingha,0
426,Csöppüs,0
2531,Tarnóczy,0
1654,Mild,0
751,Gerritsen,0
2538,Teasdale,0
254,Bory,0
2734,Várady,0
2542,Tencz,0
1000,Hoós,0
2545,Teplitzky,0
591,Ernőd,0
2479,Színák,0
2553,Thirring,0
2554,Thomka,0
2556,Tibiassi,0
2234,Sillye,2
719,Garami,57
1169,Kaál,0
180,Beösze,0
2010,Raksányi,1
163,Berecz,8
607,Falvai,14
1379,Kárpáti,442
732,Gebők,0
2084,Rozsovits,0
2650,Valentini,0
28,Ambrózy,0
2577,Toporai,0
93,Barabás,125
258,Bossányi,11
2733,Váradi,921
704,Fűzy,0
2837,Zeibig,0
148,Bendes,0
2873,Zányi,3
259,Bosányi,17
273,Brezovsky,0
2027,Reinbotli,0
1322,Krupcsák,0
2261,Somló,291
1404,Körmendi,64
1632,Merkefka,0
14,Aigner,0
2738,Vázsonyi,29
2604,Téglás,13
1983,Pékli,0
2510,Sík,10
319,Bányai,274
1465,Lendér,0
74,Bakodi,0
1108,Járdek,0
1013,Hunyady,0
2616,Tőkési,10
2618,Udvardy,0
2414,Szilberleitner,0
1165,Kazacsay,0
522,Duday,0
19,Ali,0
825,Gácsy,0
231,Boleman,0
2631,Unyi,4
2632,Uray,0
1676,Morent,0
1463,Lendvai,179
634,Feszelyi,0
1984,Pénzes,10
1121,K,0
832,Gáspárdy,0
987,Hornyok,0
1097,Josvay,0
997,Horánszky,0
1482,Linhart,0
2481,Szóka,0
859,Hajnóczky,0
2770,Weinek,0
255,Borzsák,0
1766,Nyáry,0
1776,Nők,0
2722,Vragassy,0
2659,Vankovics,0
2662,Varjas,32
2664,Varró,14
2665,Varsányi,84
2315,Ströszner,0
2876,Zöldváry,0
155,Benesch,0
1628,Mellyes,0
1180,Kelndorfer,0
2255,Slunka,0
1939,Prikk,0
2066,Ronchi,0
2131,Rózsai,13
245,Borostyán,11
1847,Pek,4
1930,Prajmayer,0
202,Blaschnek,0
1902,Pláner,0
1951,Pulay,0
1851,Pertik,0
1621,Meixner,0
1749,Noel,0
2709,Virág,225
368,Csanády,0
188,Bilkay,0
1730,Nesztor,0
1114,Jászfy,0
2890,Állaga,0
2720,Vonyek,0
2723,Vrasich,0
2657,Vanger,0
760,Goczán,0
960,Hlatky,0
771,Goszleth,0
1922,Posgay,0
778,Grecsák,0
2730,Vámos,316
2731,Ványai,8
2732,Ványi,6
1927,Pozsgai,22
2513,Sördén,0
136,Behringer,0
2422,Szinte,0
2739,Vécsei,169
2317,Stuchlicli,0
2742,Végh,11
49,Argauer,0
2058,Rokken,0
2747,Wabrosch,0
768,Gonda,241
1188,Keresztury,0
2755,Wancsek,0
2460,Szájbély,0
2759,Watzke,0
1271,Komáromy,0
1704,Mártzig,0
274,Briestyánszky,0
2454,Szubotics,0
981,Homoky,0
2779,Wenhardt,0
36,Angelus,0
2781,Wenzl,0
2784,Wester,0
1383,Kési,0
2789,Wildner,0
1468,Lenkey,0
29,Amigo,0
454,Dankovszky,0
873,Hamvassy,0
2448,Sztahora,0
537,Dévai,100
2014,Ramaszéder,0
1725,Narantsik,0
1674,Morelli,0
609,Faragó,617
2702,Világhy,0
2523,Tallum,0
2425,Szivitál,0
2816,Wolfram,0
50,Armstádt,0
893,Hartai,3
1526,Lángos,14
282,Brányi,0
1688,Muskovics,0
2578,Toporczi,0
2154,Schara,0
2831,Zaitz,0
1657,Milus,0
1177,Kellel*,0
769,Gorecky,0
2148,Saáry,0
821,Győrök,0
2388,Szenkovits,0
alm1904149,Kamenszár,0
435,Czenner,0
2850,Zlinszky,0
2851,Zmeskall,0
1303,Kozáky,0
199,Blaha,3
399,Csiliéri,0
2862,Zsizsó,0
2864,Zsolnai,146
2436,Szokol,0
375,Csatáry,0
230,Boldog,25
978,Hollós,210
2727,Vági,22
2875,Závonyi,0
990,Horpáczky,0
1913,Polereczky,0
2868,Zuzánszky,0
2892,Ányos,13
2901,Éless,0
2808,Wittkovszky,0
2904,Érczhegyi,9
2909,Ózdi,0
374,Csatay,0
786,Grolig,0
731,Gebök,0
2913,Újhelyi,69
1042,Ihász,3
2915,Úrik,0
1056,Iszer,0
2917,Őrsy,0
1440,Laskovics,0
1803,Oszlik,0
539,Dómján,6
2524,Tamasek,0
298,Burg,0
614,Fecske,0
1283,Kormoss,0
306,Buzáth,0
418,Csányi,79
2455,Szuhaj,0
316,Bánfai,10
2466,Száva,6
2320,Stáhly,0
325,Bárdos,285
2316,Stuchlich,0
329,Bárány,31
1382,Kéri,78
236,Bolváry,0
334,Bécsy,0
2682,Vendéghegyi,0
495,Dobrossy,0
650,Folkusházy,0
579,Eperjessy,0
2517,Sőtér,14
1925,Pottornyay,0
433,Czeisz,0
1063,Izsó,3
352,Bölcsházy,0
781,Greizinger,0
1784,Olicsek,0
358,Cenner,0
2458,Szurmák,0
1141,Karaffa,0
361,Chyzer,0
1821,Pandúr,0
2865,Zsámboki,14
364,Crempola,0
2222,Selye,2
601,Eőry,0
589,Erményi,0
2307,Strempel,0
369,Csapiár,0
2647,Vajdafy,0
1122,K.,0
291,Bucsánszky,0
1384,Késmárki,5
379,Cseke,1
303,Busehor,0
382,Csenteritz,0
1475,Liebold,0
2627,Ulrik,3
462,Darvassy,2
2680,Vellay,0
1603,Matlag,0
2353,Szalmási,10
1471,Leár,0
185,Bikich,0
351,Böke,2
578,Enyvvári,1
4,Acél,28
401,Csilléry,0
1582,Markusovszky,0
2724,Vukassinovits,0
2242,Simsa,0
1709,Mátékovics,0
544,Dörflinger,0
2737,Váry,0
2599,Turcsányi,15
416,Csákberky,0
2819,Wukassinovits,0
2836,Zboray,0
2400,Szentpétery,0
1630,Mergenthaler,0
1477,Linczenpolcz,0
253,Borvendég,0
475,Dene,0
432,Czeber,0
2476,Szíics,0
2467,Szécsenyi,42
443,Czotter,0
939,Hertli,0
639,Filgóssy,0
1182,Kempelen,0
2482,Szöllösy,0
1470,Lexa,0
2397,Szentléleki,3
380,Cselkó,0
2331,Svetschin,0
46,Arany,89
966,Hockl,0
1662,Miske,0
2230,Sik,10
982,Homonnay,0
928,Herein,0
2582,Torgyik,0
223,Bogdándy,0
211,Blöckinger,0
2360,Szecsei,2
1794,Orendács,0
143,Beliczay,0
1448,Laumann,0
484,Dimák,0
706,Gadányi,7
1864,Petrásy,0
708,Gajári,25
2678,Vecsei,169
27,Ambrus,57
493,Dobos,36
496,Dobrosy,0
974,Holba,0
2655,Való,1
2252,Skhreiber,0
1645,Mihályfy,1
766,Goldzieher,0
1049,Incze,38
1547,L’Auné,0
2908,Író,0
411,Csonták,0
513,Dratsay,0
1145,Kardon,0
489,Diószeghy,1
2689,Vető,27
587,Erdősí,125
135,Bedő,59
585,Erdősi,125
2003,Radványi,180
1484,Lipkay,0
540,Döchner,0
1432,Laky,0
910,Hefkó,0
2062,Rominsky,0
548,Eckenberg,0
2620,Uhman,0
2249,Sipőtz,0
582,Erdész,44
553,Egyed,4
419,Csármann,0
2703,Vimental,0
558,Eleméry,0
241,Bori,5
2547,Tertsch,0
567,Emyei,0
2848,Zimniermann,0
569,Enberger,0
2413,Sziklai,236
1246,Kocsy,0
2508,Sárváry,0
1758,Nováky,0
1010,Hulényi,0
631,Festetics,0
2372,Szelmayer,0
1754,Novelly,0
710,Gajárí,25
2270,Spielenberg,0
2880,pandurovits,0
1021,Hányi,2
2617,Ubrik,0
1360,Kuzmik,0
596,Esztergályos,0
597,Evva,0
2153,Schaffner,0
371,Csaplovich,0
482,Dieballa,0
2541,Teleky,0
2532,Tary,0
176,Bertalan,24
838,Göndöcs,5
2638,Utry,0
617,Fehérvári,126
1153,Karányi,6
1649,Miklós,182
626,Fenyő,247
865,Hallóssy,0
2133,Rózsás,1
1639,Mezey,0
2861,Zsitnyánszky,0
2035,Reitszam,0
1667,Mohán,0
2679,Vecsey,0
642,Fissinger,0
2341,Szadai,0
647,Fock,0
2165,Schiebel,0
2097,Rzepeczky,0
1192,Kertész,1191
384,Csepreghy,0
2602,Tájber,0
672,Frivaldszky,0
561,Előd,22
754,Ginzery,0
1155,Kasenczky,0
1419,LKovács,0
2813,Wolffarl,0
395,Csides,0
2624,Ujfalvi,2
1633,Merschitz,0
1997,Pőzel,0
157,Benkovszky,0
1099,Joós,0
2385,Szenessy,0
1109,Járitz,0
2918,Ősapay,0
26,Ambrosits,0
709,Gajáry,0
71,Bajáky,0
2498,Sághy,0
715,Gammel,0
721,Garay,6
1914,Poleretzky,0
724,Gavalya,0
725,Gavora,0
1220,Klaudy,0
73,Bakcsy,0
521,Drégely,7
2221,Sellei,17
2552,Thierry,0
1009,Hujber,0
564,Emmerich,0
122,Batka,0
2522,Takáts,0
2080,Rozmanith,0
2540,Telegdy,0
1691,Mutzer,0
2711,Visnya,0
479,Devecis,0
1885,Piperkovits,0
762,Godán,0
1497,Lisznay,0
1833,Pató,1
2804,Wiszt,0
214,Bocke,0
336,Békéfi,91
774,Grabovszky,0
1553,Madary,0
205,Blasnek,0
1002,Hubatsek,0
87,Baluka,0
796,Guckler,0
2796,Winhart,0
420,Császár,94
803,Gyapay,0
2782,Wermer,0
354,Böröcz,0
527,Dulcsán,0
yb19092490,Paukner,0
2658,Vaniss,0
915,Heinzman,0
42,Apagyi,0
810,Gyurkovits,0
520,Drágffy,0
817,Gyürke,0
2696,Vidéky,0
1631,Mergenthaller,0
2803,Wiskousky,0
600,Eőrsi,0
83,Balló,13
2500,Ságody,3
1536,Léránt,0
835,Gödöny,0
837,Gönczi,99
113,Bartunek,0
2098,Rába,10
2065,Romy,0
220,Bodrogi,32
849,Hagyó,0
1679,Mosdóssy,0
2713,Viszt,0
2670,Vasvári,211
1144,Karczag,82
86,Baltzer,0
787,Grollg,0
861,Halabúk,0
538,Dévény,5
1051,Irsai,37
1689,Muskovits,0
2183,Schmiilt,0
880,Hanvai,12
2519,Tabajdy,0
2194,Schuchtár,0
630,Ferenczy,3
951,Hieronymi,0
2118,Rétháti,7
455,Dankowsky,0
1741,Niedzivulszky,0
783,Grigár,0
2912,Örsy,0
1576,Marczinkievicz,0
2756,Wanke,0
45,Apostol,2
834,Gödöllei,5
914,Heidler,0
621,Fekets,0
891,Harsányi,177
2329,Sumanovácz,0
2366,Szeiff,0
919,Hellmich,0
1469,Leszik,1
720,Garancsy,0
921,Heltai,73
1813,Paksi,1
2138,Sajó,96
2661,Vargha,1
1284,Kornai,25
2801,Wirnhardt,0
96,Barakovics,0
1367,Káldor,148
1799,Osapay,0
949,Heyl,0
2829,Zacska,0
941,Hetessy,0
942,Hettyey,0
333,Bátory,0
2047,Rimanóczy,0
1409,Kötél,0
2039,Reminiczky,0
2433,Szmodits,0
2621,Uhmann,0
652,Forisek,0
1994,Pörje,0
2206,Schönhein,0
467,Debski,0
2018,Ratkovszky,0
2017,Rasovszky,0
2622,Uiás,0
2449,Sztankovits,1
894,Harth,0
1608,Matzinger,0
2009,Rajtuk,0
2005,Ragályi,2
456,Danzer,0
263,Bradách,0
2667,Vaskó,7
341,Bérezi,0
1433,Lamotte,0
1529,Lázié,0
488,Diósi,99
684,Fáy,3
2596,Tunyogi,0
1980,Pécsei,0
846,Hadzsy,0
1584,Marközy,0
365,Csaba,14
194,Bisitz,0
1974,Pártzer,0
61,Badál,0
1467,Lenkei,224
1965,Pálka,0
902,Hatos,0
1638,Mezei,442
1118,Jósvay,0
1955,Purtzl,0
1563,Majorossy,0
1713,Móry,0
583,Erdődy,0
550,Egerházy,0
1893,Placht,0
70,Bajáki,0
1943,Prokesch,0
1941,Prochnov,0
976,Hollentoner,0
1700,Márkly,0
466,Debreczenyi,0
1934,Preuszner,0
1929,Poór,4
577,Enyingi,0
1217,Kizdián,0
1923,Poszpischl,0
2856,Zoványi,2
278,Bruha,0
1801,Ostyáni,0
1805,Osztermann,0
1909,Pokieser,0
1510,Ludmányi,0
1897,Platthy,0
1842,Payper,0
2824,Zabutsek,0
179,Betsey,0
189,Birkl,0
2673,Vaszilievits,0
387,Cserhalmi,35
1508,Luboviensky,0
187,Bikits,0
1869,Petzrik,0
2013,Ramaseder,0
1867,Pettykó,0
2114,Rényi,64
1857,Petretz,0
98,Barbás,0
1852,Peschky,0
2301,Stohansl,0
434,Czellaó,0
1845,Pecsis,0
1083,Janny,0
2108,Ré,0
402,Csiszlár,0
1835,Paulay,1
1041,Igaly,4
1492,Liskovetz,0
1820,Pandurovits,0
632,Feszeli,1
2751,Waldinger,0
1818,Pandur,0
35,Andrássy,0
1968,Pálos,24
1808,Ozorai,19
896,Harámi,0
79,Balay,0
2238,Simonffy,0
1960,Pákh,1
554,Együd,0
2855,Zombory,0
1793,Orczy,0
1791,Orbanitz,0
2347,Szakmány,0
1091,Jehring,0
2237,Simonchich,0
1127,Kacsóh,1
1772,Nékám,0
59,Bachát,0
2561,Tippner,0
1769,Nádas,172
1812,Pajzs,16
2806,Wittenbarth,0
1829,Papperül,0
1342,Kulcsár,77
508,Domonkos,12
971,Hofher,0
447,Czéber,0
1747,Nisponszky,0
2838,Zeiger,0
2126,Rónay,4
1720,Mündl,0
145,Bellus,4
1422,Laczkovich,0
2546,Terletter,0
2359,Szaszovszky,0
805,Gyenge,2
2676,Vati,0
1516,Luizer,0
2069,Rosmanith,0
1716,Mühl,0
943,Hetényi,114
1706,Mátlié,0
1703,Mártonffy,0
1219,Klapper,0
238,Borbás,10
2119,Rétyi,0
1698,Márffy,0
1548,Maass,0
1333,Krónits,0
763,Gogolák,0
1686,Mukk,0
1684,Muchmayer,0
863,Hallamásek,0
1681,Mossonyi,0
394,Csicsmanczay,0
1783,Ohlhauser,0
2289,Stephány,0
1030,Hölle,0
566,Emperl,0
1672,Monó,0
1368,Kálhok,0
1665,Modossy,0
2639,Uzsák,0
1090,Jauernik,0
1103,Juventius,1
1653,Milassin,0
1652,Mikóczi,0
1564,Majthényi,0
1650,Mikolay,0
2200,Schwendtner,0
1647,Mihálykovics,0
2799,Wintner,0
1640,Michál,0
164,Bereczky,0
1218,Kiébert,0
1959,Pákay,0
2557,Tibiássi,0
646,Fochler,0
1129,Kada,5
2633,Urbanovics,0
1629,Menczlik,0
2672,Vaszary,0
1307,Krajcsics,0
635,Feszi,0
372,Csapláros,0
2050,Rippert,0
1945,Protzer,0
162,Berczel,14
1241,Kobler,0
2309,Strigentz,0
1507,Lovász,16
989,Horony,0
500,Dobrzyniecky,0
260,Bottyáni,0
703,Füzér,0
1077,Janek,0
1594,Martiny,0
2164,Schiebe,0
250,Borsosföldi,0
1022,Háringáts,0
142,Belgrádi,0
1136,Kamocsay,0
2612,Törő,4
1660,Mirsch,0
1573,Manzéger,0
2030,Reintz,0
2685,Vermes,310
852,Hainiss,0
383,Csepke,0
1442,Lassányi,4
1070,Jakopovits,0
2817,Wossala,0
1558,Magyarevics,0
1782,Ohler,0
702,Füzy,0
1512,Ludvik,0
2641,Vadkerti,6
1542,Löwenstin,0
1534,Lénárd,41
1533,Léman,0
279,Brukker,0
818,Győrffy,0
2887,Ádámy,0
851,Haidekker,0
1523,Lyachovics,0
1234,Klunzinger,0
1520,Lukácsy,0
1001,Hruby,0
2603,Tálassy,0
682,Fái,55
1506,Lovasy,0
1504,Losczák,0
1503,Lombay,0
1444,Latky,0
15,Akantisz,0
1499,Lobmajer,0
1498,Litauszky,0
2304,Stolnicki,0
1495,Liszkai,16
2757,Warga,0
1779,Ocskay,0
2899,Édes,1
149,Bendessy,0
2396,Szentkirályi,50
2060,Rokszer,0
1351,Kurmann,0
929,Herkner,0
1046,Illési,2
2598,Turchányi,0
1243,Koburger,0
850,Hahnel,0
2213,Sebestyén,266
305,Buzay,0
1661,Miskay,0
2635,Urik,0
1460,Leidenfrost,0
1069,Jakoby,0
1673,Morbitzer,0
2609,Töreky,0
570,Endrei,34
658,Frankfurti,0
1522,Luzsa,0
1025,Házas,0
1441,Laskovits,0
1167,Kazinczy,0
2408,Szervó,0
2403,Szerafusz,0
2534,Tatai,12
1427,Lajosfalvi,3
2116,Rétesi,1
1421,Lacuska,0
1420,Lacsny,0
2246,Siposs,0
1604,Matolay,0
1414,Kőmives,9
1412,Kürtös,6
381,Csendes,16
1407,Körös,14
343,Bézsenyi,0
400,Csillag,278
2690,Vezdin,0
2160,Schenadek,0
2303,Stokovszky,0
977,Holló,133
1397,Kömives,9
1396,Kölüs,0
1402,Könyves,32
2325,Sugár,440
864,Hallamássek,0
1388,Kónya,13
289,Buchgraber,0
138,Behyna,0
2484,Szöts,6
2373,Szemenyei,1
1373,Kánai,2
592,Erényi,71
2728,Vágó,329
1314,Kreszula,0
1365,Kájlinger,0
1062,Ivánszky,0
1282,Kormonyák,0
1359,Kuzder,0
1357,Kutassy,0
1354,Kurzbacher,0
1431,Lakos,71
901,Hatolkay,0
2442,Szombathy,0
2457,Szultos,0
913,Hegyváry,0
2217,Seeber,0
1275,Kopcsányi,1
1017,Hyross,0
2644,Vadász,426
2113,Régi,0
347,Bódy,1
1316,Kricsfalvy,0
1032,Hörk,0
2729,Váli,30
2776,Wenczl,0
1824,Panovitz,0
2456,Szuhay,0
130,Baán,0
1295,Kosztolányi,26
1094,Jeney,0
2684,Veress,0
1012,Hunyadi,232
yb19121967,Jamisch,0
2102,Rákóczy,1
2444,Szondy,0
2669,Vastag,4
2049,Ripka,0
2443,Szomor,2
586,Erdőssi,0
2435,Szoboczky,0
55,Ausim,0
920,Helmschmidt,0
1370,Kállay,0
1248,Kohlert,0
2120,Révai,130
1878,Pikószky,0
124,Batyala,0
1237,Kneisz,0
2586,Totth,0
1549,Machan,0
1405,Környei,30
132,Beckmann,0
95,Barakovich,0
2437,Szokola,0
201,Blary,0
1695,Mácsady,0
1214,Kisujfalusi,0
1211,Kis-Erős,0
723,Gattein,0
1039,Hős,2
1403,Könyöki,3
749,Gerlóczy,0
120,Baseli,0
2794,Windhager,0
802,Gyalokai,2
2835,Zatopek,0
1191,Kerstner,0
376,Csaudáry,0
1186,Kerecsényi,3
2712,Visontai,8
181,Beősze,0
2533,Tassi,1
996,Horváthy,0
118,Baróti,30
2091,Rupp,0
877,Hantos,30
1625,Melkó,0
1406,Körtvélyesi,21
1170,Kecskeméthy,0
899,Haszmann,0
362,Clauser,0
1328,Kráuthl,0
2410,Szigethy,0
1163,Kauser,0
1692,Muzs,0
824,Gácsi,4
806,Gyomoréi,0
2418,Sziládi,11
186,Bikics,0
1554,Madarász,99
1439,Lappert,0
1462,Leitkam,0
1764,Nyirő,1
1130,Kadenszki,0
1828,Papperth,0
1119,Józan,0
1760,Noél,0
1376,Kárgli,0
2083,Rozsonics,0
2110,Rédi,0
542,Dömök,1
1110,Jármay,0
1982,Pék,4
2275,Spányi,18
1102,Jurenák,0
1496,Liszkay,0
1763,Nyiry,0
2526,Tamáskovich,0
463,Darvasy,0
922,Helvey,4
58,Babucs,0
108,Bartalits,0
2636,Urs,0
2089,Rumbach,0
718,Garam,13
1072,Jaminsky,0
1953,Purebl,0
10,Adátny,0
1481,Lindl,0
2233,Sikonya,0
2579,Tordai,98
549,Ecséry,1
2149,Saíranek,0
106,Barta,648
2615,Tőkés,19
1057,Isépy,0
2387,Szenkovich,0
506,Dokuly,0
330,Básics,0
1729,Nemesszeghy,0
516,Drescher,0
44,Apatitzky,0
1416,Kőrösy,0
1786,Onhaiser,0
1036,Hümpfner,0
649,Fogarassy,0
924,Henszelman,0
1854,Pesthy,0
103,Barlatits,0
1029,Höfle,0
1479,Lindenbach,0
1027,Hódy,0
1026,Héjj,0
2057,Rogosits,0
1677,Morlin,0
472,Demjén,5
2911,Örsek,0
1015,Huschek-Blaha,0
1014,Huschek,0
1011,Humayer,0
452,Danizy,0
1350,Kurfürst,3
2764,Weichhardt,0
2243,Sindelás,0
1019,Hámory,0
yb19092188,Schandel,0
519,Dritomszky,0
2145,Sauerland,0
2686,Vesetcky,0
730,Geböck,0
2095,Ruthner,0
1616,Medl,0
727,Gazsi,1
2135,Rőhri,0
2078,Rozant,0
1881,Pinke,0
1807,Osztoits,0
1551,Machán,0
748,Gerle,20
511,Dorogsághy,0
991,Horti,80
563,Emmer,0
1726,Naszádi,0
1321,Kronits,0
568,Emőd,10
1868,Pettykő,0
2105,Rátonyi,14
2134,Rüll,0
1224,Kleisz,0
1601,Mathievics,0
1567,Malaky,0
139,Beke,53
1372,Kály,0
2247,Sipöcz,0
1394,Kölber,0
182,Bicskey,0
492,Dobján,0
1531,Léczian,0
209,Blázy,0
2214,Sebák,0
1976,Pásztory,0
1231,Kliczpera,0
940,Hessky,0
2423,Szirmai,247
243,Boronkay,0
1921,Porpáczy,0
1884,Piperkovics,0
1274,Konyusik,0
1569,Manchen,0
310,Bácskai,64
1605,Mattyasovszky,0
1426,Lahocsinszky,1
1957,Pádár,0
1905,Podmanitzky,0
2849,Zimányi,5
1203,Kirch,0
712,Gallina,0
1154,Karés,0
314,Bálványi,0
1796,Oroszlán,0
2707,Virnhardt,0
2074,Rostagni,0
168,Beretz,0
1059,Iváncsó,0
1771,Nádory,0
2572,Tomanó,0
2496,Sáfár,2
2571,Tolnay,0
2888,Ágoston,48
1915,Polgár,547
1666,Modrovich,0
173,Bernauer,0
21,Alm,0
2326,Sukola,0
1975,Pártényi,6
1746,Nirschy,0
alm1904346,Kreczinger,0
2346,Szakacsics,0
2211,Scserbovszky,0
357,Cavalloni,0
1511,Ludvigh,0
1174,Kelecsényi,23
43,Apalitzky,0
683,Fájli,0
1150,Karlovitz,0
507,Domanyek,0
816,Györffy,0
529,Dulácska,0
288,Buchelt,0
24,Alth,0
2129,Rózay,0
1904,Podluzsánszky,0
741,Gerencsér,7
2652,Valpatits,0
2337,Szabady,0
2903,Élő,0
219,Bodrog,2
363,Crempeltz,0
992,Hortobágyi,27
1917,Polányi,11
2182,Schmiedinger,0
1003,Hubay,2
947,Heves,37
1532,Léczián,0
1074,Jancsovits,0
322,Bárczi,13
2746,Vörös,91
1031,Hörcher,0
2569,Toldy,0
1970,Pálya,0
1266,Komlóssy,0
1464,Lendvay,0
417,Csáki,45
801,Gyalog,4
2257,Softics,0
2432,Szmodics,0
743,Gerendi,21
47,Aranyossy,0
197,Bittera,0
2736,Várkonyi,94
887,Harmos,32
1798,Orágffy,0
2398,Szentmártonyi,0
2601,Tábory,0
2384,Szendy,3
2814,Wolffart,0
2760,Wawra,0
1493,Liskowetz,0
551,Egressy,0
2591,Trágy,0
1947,Pröckl,0
7,Adamy,0
2354,Szalmássy,0
1288,Koronthály,0
888,Harrai,0
2445,Szontagh,0
1198,Kiliti,0
2594,Tuboly,1
1334,Kubinyi,53
yb19091887,Kéler,0
908,Hebelt,0
465,Debreczeny,0
573,Engelbach,0
2792,Wimental,0
505,Doktay,0
1199,Kilius,0
1018,Hálák,0
1509,Lubovienszky,0
1863,Petrássy,0
1938,Prikelmayer,0
2852,Znavovits,0
979,Holtzspach,0
2273,Springmann,0
1044,Illyefalvi,1
2910,Öhler,0
1268,Komoróczy,0
246,Borovits,0
1675,Morengl,0
1341,Kujarik,0
1958,Páhn,0
2565,Tkálcsics,0
221,Bodák,0
2894,Árkay,0
502,Dobó,157
1981,Pédery,0
1918,Pongrácz,112
1202,Kintzly,0
97,Baranyay,2
460,Daruvári,14
1415,Kőműves,3
2642,Vadkerty,0
1687,Murányi,114
2692,Viasz,3
1777,Oberle,0
983,Honffy,0
2011,Rakusz,0
2593,Tröster,1
247,Borsodi,94
1417,Kőszegi,181
1260,Kolozsvári,127
1866,Petróczy,0
1966,Pálmay,0
2605,Tézli,0
1164,Kavanda,0
422,Cséfai,2
257,Bosnyákovits,0
1306,Kracker,0
2248,Sipőcz,0
815,Gyömörey,0
1928,Pozsgay,0
2590,Trenyák,0
2079,Rozgonyi,54
2625,Ullerich,0
2905,Ész,0
437,Cziczli,0
1565,Makay,0
1189,Keresztúri,24
34,Andreska,0
571,Endrey,0
662,Frecskay,0
476,Denne,0
2450,Sztarik,0
935,Hertelendi,4
2762,Wehner,0
627,Ferenc,2
477,Detrich,0
346,Bódis,8
811,Gyurmann,0
2777,Wendel,0
1149,Karkas,0
932,Herok,0
1117,Jósa,0
1737,Nevelits,0
1250,Kohuth,0
2867,Zurányi,5
1680,Mosdósy,0
509,Domsa,0
68,Bajkay,0
2219,Sehr,0
2355,Szalmásy,0
1519,Lukácsi,4
2507,Sárossy,0
48,Arathau,0
1696,Mándy,8
2584,Torna,0
776,Grabowszki,0
2613,Tövis,5
1804,Oszoli,2
2802,Wiskonsky,0
2833,Zandler,0
166,Berencsy,0
1335,Kubinyák,0
2302,Stojanovits,0
1837,Paulikovits,0
1699,Márher,0
224,Bogisich,0
690,Földváry,2
1903,Pobuda,0
1931,Prasszer,0
1937,Prickelmayer,0
1986,Pócza,0
407,Csomay,0
1761,Nyerges,2
595,Eszláry,0
1487,Liptay,0
1637,Meubauer,0
386,Cserey,0
2171,Schindelmann,0
1722,Nagv,0
1401,Könye,0
2587,Trapp,0
2215,Sebő,53
1451,Lavotta,0
1906,Pogány,232
2002,Radnai,124
1389,Kórody,0
1287,Korona,0
397,Csikász,0
2787,Wigh,0
950,Hidassy,0
1708,Mátéfy,0
1137,Kamrás,0
2859,Zsillé,0
1361,Kuzsinszky,0
1060,Ivánfi,23
2033,Reiszberger,0
1438,Lantosy,0
1830,Parsche,0
1566,Makó,7
1168,Kazár,29
128,Bausz,0
2298,Stipics,0
993,Horvatics,0
2735,Váradyné,0
1206,Kiripolszky,0
1590,Marsovszky,0
1293,Koródy,0
698,Füredy,0
1249,Kohlért,0
1964,Pálföldy,0
2404,Szerb,19
37,Angelusz,0
1185,Kenesei,32
360,Chobota,0
297,Bunyitay,0
504,Doehner,0
606,Faludy,0
94,Baracs,25
1745,Nikoletti,0
934,Herpka,0
1768,Nád,2
2143,Sarudy,0
2163,Schey,0
1381,Képiró,0
144,Bellaágh,0
2539,Tegzes,1
385,Cser,15
973,Hofner,0
1577,Marenits,0
700,Füstér,0
2342,Szaday,0
629,Ferenczi,327
1454,Lazmann,0
2608,Tótth,0
886,Harmath,2
1596,Martos,58
yb19092449,Trsztyenszky,0
464,Daunterer,0
2570,Tolnai,311
2000,Rabsch,0
12,Agotay,0
733,Gecső,7
431,Czebe,1
2144,Sass,0
2038,Remete,14
2226,Seres,29
689,Földessy,0
843,Haberern,0
1655,Milei,0
2515,Söveggyártó,0
2375,Szemere,232
1973,Pápay,2
1418,Kővári,339
1972,Pápai,89
1810,Pados,3
2294,Stichleutner,0
1232,Klim,0
2726,Váczy,0
2406,Szerezla,0
2356,Szalontay,0
633,Feszely,1
2150,Scerbovszky,0
1697,Mánk,0
311,Báldy,0
30,Amigó,0
2687,Vesetzky,0
1317,Kriegler,0
1252,Kolbányi,0
117,Barócs,0
1515,Lufcsik,0
1437,Lantossy,0
1614,Mechtler,0
2395,Szentkeresztfi,0
2392,Szentessy,0
1977,Pátkai,13
337,Békési,150
1635,Meszlényi,42
2394,Szentiványi,144
2142,Sarlós,44
1800,Ostián,0
604,Fah,0
1910,Pokieszer,0
659,Franki,0
2791,Willig,0
2643,Vadon,0
772,Gosztonyi,53
1611,Maydánszky,0
yb19092422,Robák,0
692,Fölkel,3
687,Födi,3
883,Haraszti,56
2453,Sztrenyák,0
936,Hertelendy,0
2701,Villói,1
2772,Weinszeisz,0
2580,Torday,0
1571,Mandák,0
2651,Valovits,0
1228,Klenim,0
1395,Köllő,4
2175,Schmaderer,0
643,Flanyek,0
165,Bereghy,0
2350,Szakál,9
1362,Kvitskó,0
2717,Vojcsik,0
884,Harcz,1
889,Harray,0
1095,Jeny,0
1280,Koritsánszky,0
1111,Járó,3
2440,Szombathely,0
2893,Ári,0
228,Boinitzer,0
1550,Machay,0
2645,Vagyák,0
814,Gyökér,1
340,Bérczi,160
576,Englerth,0
2721,Vosits,0
64,Bai,1
608,Fapp,0
2402,Szer,0
1410,Kövesi,184
2592,Trágyi,0
691,Földy,0
1140,Kapy,0
469,Deme,6
2159,Scheiter,0
523,Dudái,0
909,Hebentanz,0
2043,Richnovszky,0
707,Gajzágó,3
2268,Spannberger,0
9,Adámy,0
414,Csukás,0
2527,Tamáskovits,0
2335,Szabacsek,0
961,Hlavkay,0
1524,Ládi,2
2276,Spáth,0
1400,Könnye,0
269,Brestyánszky,0
1875,Piday,0
1023,Háry,0
1911,Pokomándy,0
2563,Tirschl,0
318,Bánlaky,4
1304,Kozáry,0
1501,Lobniayer,0
1979,Péchy,0
1093,Jellenek,0
678,Furebl,0
2698,Vigadi,0
2884,Ábrányi,37
169,Beretzky,0
309,Bácsinszky,0
1398,Köncs,0
1201,Kinczly,0
1710,Méro,0
2575,Tompó,0
2103,Ránits,0
2710,Virágh,2
133,Becske,0
2740,Vécsey,0
1753,Novaky,0
1313,Krepuska,0
1816,Pandel,0
323,Bárczy,4
2088,Rubis,0
2681,Venczell,0
2889,Ágotay,0
2189,Schroll,0
2420,Szimély,0
828,Gárdonyi,149
1901,Pluchár,0
2821,Wurmb.,0
699,Füry,0
2040,Renkei,0
2334,SzHorváth,0
296,Bukovszky,0
800,Guvelinger,0
925,Henszelmann,0
808,Gyurinovich,0
2349,Szakái,0
1259,Kolonits,0
1694,Muzsikó,0
81,Balikó,0
2390,Szentes,6
1393,Ködmencsi,0
938,Hertendy,0
1527,Lártg,0
1132,Kajlinger,0
1073,Jaminszky,0
501,Dobrády,0
858,Hajnos,1
1574,Marcsiny,0
1194,Kerékgyártó,6
530,Dura,0
1281,Korláth,1
1714,Mósch,0
637,Fettick,0
2082,Rozsnyó,0
874,Hamvasy,0
2495,Sábián,0
2094,Ruszék,0
261,Bozzay,0
367,Csajka,0
2383,Szendi,5
1299,Kovácsy,0
235,Bolvánszky,0
900,Hatolkai,2
955,Hincz,0
1486,Lipovetz,0
937,Hertendi,0
yb19092402,Jungling,0
1035,Hültl,0
373,Csapó,70
440,Czike,1
2623,Ujbányi,0
1619,Megele,0
468,Decsy,0
594,Erőss,0
2272,Spillenberg,0
2428,Szlatiny,0
2491,Szőllősy,0
1478,Lindauer,0
2374,Szemenyey,0
738,Gellért,189
1924,Posztobányi,0
624,Fent,0
1895,Planer,0
1963,Pálfi,414
734,Gedei,4
868,Halmos,450
1876,Pigniczki,0
2231,Sikety,0
1579,Marits,0
1171,Kecskeméti,9
1443,Laszip,0
1195,Kerényi,101
782,Grigoli,0
1678,Mosch,0
2568,Toldi,28
661,Frankovits,0
2099,Rábai,13
90,Balázsovich,0
1823,Panovicz,0
2376,Szemerédy,0
1485,Lipovecz,0
1156,Kaszper,0
218,Bodor,90
746,Gerger,0
2363,Szedmáky,0
427,Czagányi,0
2386,Szeniczey,1
1483,Linzbauer,0
2843,Zielinski,0
1378,Károlyi,235
2544,Tenke,2
1568,Malmos,12
2203,Schödl,0
1285,Kornitzky,0
1212,Kis-Szölgyémi,0
809,Gyurkovich,0
1236,Klázer,0
yb19123002,Bühler,0
1781,Odry,0
533,Dzsálya,0
1320,Kroner,0
2744,Véssei,6
1855,Pesti,27
275,Brodesser,0
430,Czapp,0
1028,Hóiba,0
2845,Zilahy,0
1600,Matauschek,0
2555,Thury,4
1449,Lautner,0
688,Földes,644
705,Gacsáry,0
603,Fadgyas,5
1184,Kende,214
1580,Markovich,0
1319,Krompholcz,0
1024,Hátas,0
2368,Szekeres,115
2340,Szabóky,0
590,Ernyei,50
2805,Witkovszky,0
1318,Krisztinkovich,0
359,Chobola,0
345,Bódai,7
1480,Lindenmayer,0
2558,Tichler,0
2421,Szintai,2
2327,Sultisz,0
1488,Lipthay,0
2818,Wuch,0
1305,Koós,1
543,Dömötör,47
335,Békehegyi,0
2357,Szalonás,0
1690,Musza,0
1086,Jantsovits,0
840,Günther,0
2518,Tabajdi,0
907,Hazafy,0
293,Buday,0
526,Dukovits,0
225,Bognár,142
1988,Pólencz,0
412,Csorna,2
1054,Isskruljev,0
232,Bolemann,0
2648,Vajna,57
1016,Huszár,214
398,Csikós,7
1537,Lóránt,164
1585,Marosfy,0
2469,Szécsy,3
2008,Rajháty,0
541,Dömsödi,0
2567,Tokody,0
25,Altorjai,5
2528,Tamásy,0
349,Bödecs,0
580,Erczhegyi,9
622,Feleki,72
1371,Kálmánczhelyi,0
1944,Prokopp,0
1037,Hőfle,0
66,Baitner,0
1050,Ipoly,5
2900,Éles,13
2654,Valtinyi,0
2177,Schmellhegger,0
1607,Matuska,0
353,Bölcskei,7
2719,Vollmann,0
2007,Rajháti,3
2032,Reisz-Guttay,0
2493,Szőts,6
848,Hagymássy,0
2415,Szilvássy,0
2330,Supka,0
1728,Nelhübel,0
1052,Irányi,58
1116,Jékly,0
226,Bogár,19
740,Gere,9
2834,Zaratin,0
860,Hajós,350
2671,Vasyilievits,0
1273,Kontsek,0
912,Hegyi,164
675,Frólik,0
2725,Váczi,36
2053,Ritoók,0
2048,Rimár,0
2879,lllyefalvi,0
2486,Szüllő,7
531,Durucz,0
436,Czibor,0
1175,Kelemen,313
813,Gyurótsik,0
172,Berkes,129
739,Genersich,0
317,Bánfi,55
2514,Sötér,14
1889,Pischoff,0
1978,Pázmán,15
917,Helfenberger,0
1644,Mihályfi,48
2122,Rézi,0
2763,Wehrmann,0
2853,Zofáhl,0
1711,Mérő,113
1459,Ledényi,1
2832,Zajti,0
2178,Schmelovszky,0
2472,Székács,52
745,Gergelyi,5
1736,Nevelics,0
1946,Prónay,0
123,Battlay,0
1844,Pecsics,0
1126,Kacsur,0
1147,Kares,0
2907,Ézsöl,0
1806,Osztian,0
1390,Kóródy,0
100,Barczen,0
918,Hellmer,0
1332,Krénusz,0
2914,Újvári,164
779,Grecsó,0
107,Bartal,28
2536,Tauschler,0
57,Babocsay,3
742,Gerenday,0
1200,Kimig,0
1940,Pritz,0
1815,Palotai,67
1216,Kiticsán,0
2614,Tüttő,0
1651,Miksits,0
2475,Szép,22
2132,Rózsavölgyi,14
2271,Spilenberg,0
152,Beneda,0
1369,Kállai,215
408,Csongár,0
1663,Miskovics,0
1134,Kallós,174
1007,Hudomel,0
663,Frenyó,0
2085,Rozsár,0
1949,Puchwald,0
1043,Ilkey,0
391,Csics,0
2607,Tóthfalussy,0
2695,Vidos,8
845,Hackermüller,0
2566,Toborffy,0
1894,Plachy,0
1620,Megyery,0
546,D’Ouvenou,0
685,Fél,0
2489,Szőke,204
2227,Serly,0
1952,Puntigám,0
1158,Katinszky,0
1856,Petheő,2
458,Darnay,0
1294,Koszorú,3
1490,Lipóczy,0
494,Dobrai,7
2574,Tompa,39
2229,Sigl,0
1089,Jarács,0
1626,Melly,0
2026,Reinboth,0
184,Bihary,0
1587,Marossy,0
370,Csapiáros,0
1891,Piszlinger,0
1682,Mottl,0
2260,Somlyai,12
2012,Ramascder,0
2691,Vezér,39
yb1912598,Kogler,0
